day,hour,minute,customer_no
Friday,7,0,3
Friday,7,1,3
Friday,7,2,3
Friday,7,3,3
Friday,7,4,3
Friday,7,5,3
Friday,7,6,3
Friday,7,7,1
Friday,7,8,6
Friday,7,9,6
Friday,7,10,4
Friday,7,11,8
Friday,7,12,6
Friday,7,13,4
Friday,7,14,3
Friday,7,15,1
Friday,7,16,2
Friday,7,17,2
Friday,7,18,3
Friday,7,19,6
Friday,7,20,7
Friday,7,21,2
Friday,7,22,3
Friday,7,23,1
Friday,7,24,5
Friday,7,25,5
Friday,7,26,4
Friday,7,27,11
Friday,7,28,7
Friday,7,29,3
Friday,7,30,7
Friday,7,31,7
Friday,7,32,5
Friday,7,33,5
Friday,7,34,6
Friday,7,35,9
Friday,7,36,7
Friday,7,37,9
Friday,7,38,10
Friday,7,39,7
Friday,7,40,4
Friday,7,41,15
Friday,7,42,10
Friday,7,43,9
Friday,7,44,3
Friday,7,45,2
Friday,7,46,2
Friday,7,47,6
Friday,7,48,8
Friday,7,49,7
Friday,7,50,6
Friday,7,51,4
Friday,7,52,4
Friday,7,53,7
Friday,7,54,8
Friday,7,55,3
Friday,7,56,2
Friday,7,57,7
Friday,7,58,3
Friday,7,59,2
Friday,8,0,3
Friday,8,1,6
Friday,8,2,6
Friday,8,3,7
Friday,8,4,6
Friday,8,5,5
Friday,8,6,3
Friday,8,7,2
Friday,8,8,4
Friday,8,9,5
Friday,8,10,4
Friday,8,11,8
Friday,8,12,5
Friday,8,13,7
Friday,8,14,4
Friday,8,15,6
Friday,8,16,9
Friday,8,17,9
Friday,8,18,10
Friday,8,19,8
Friday,8,20,8
Friday,8,21,14
Friday,8,22,14
Friday,8,23,7
Friday,8,24,9
Friday,8,25,12
Friday,8,26,5
Friday,8,27,9
Friday,8,28,7
Friday,8,29,6
Friday,8,30,8
Friday,8,31,7
Friday,8,32,6
Friday,8,33,7
Friday,8,34,10
Friday,8,35,8
Friday,8,36,7
Friday,8,37,6
Friday,8,38,12
Friday,8,39,10
Friday,8,40,11
Friday,8,41,11
Friday,8,42,6
Friday,8,43,8
Friday,8,44,8
Friday,8,45,2
Friday,8,46,5
Friday,8,47,9
Friday,8,48,7
Friday,8,49,12
Friday,8,50,10
Friday,8,51,9
Friday,8,52,11
Friday,8,53,12
Friday,8,54,10
Friday,8,55,11
Friday,8,56,7
Friday,8,57,14
Friday,8,58,11
Friday,8,59,6
Friday,9,0,8
Friday,9,1,5
Friday,9,2,10
Friday,9,3,8
Friday,9,4,4
Friday,9,5,9
Friday,9,6,6
Friday,9,7,6
Friday,9,8,7
Friday,9,9,7
Friday,9,10,5
Friday,9,11,8
Friday,9,12,4
Friday,9,13,4
Friday,9,14,4
Friday,9,15,2
Friday,9,16,2
Friday,9,17,2
Friday,9,18,4
Friday,9,19,5
Friday,9,20,8
Friday,9,21,5
Friday,9,22,5
Friday,9,23,1
Friday,9,24,2
Friday,9,25,6
Friday,9,26,3
Friday,9,27,1
Friday,9,28,3
Friday,9,30,1
Friday,9,31,1
Friday,9,32,6
Friday,9,33,2
Friday,9,34,4
Friday,9,35,2
Friday,9,36,6
Friday,9,37,5
Friday,9,38,8
Friday,9,39,3
Friday,9,40,6
Friday,9,41,6
Friday,9,42,3
Friday,9,43,4
Friday,9,44,5
Friday,9,45,3
Friday,9,46,1
Friday,9,47,1
Friday,9,48,4
Friday,9,49,2
Friday,9,50,1
Friday,9,51,2
Friday,9,52,5
Friday,9,53,3
Friday,9,55,6
Friday,9,56,2
Friday,9,57,4
Friday,9,58,8
Friday,9,59,6
Friday,10,0,7
Friday,10,1,9
Friday,10,2,10
Friday,10,3,10
Friday,10,4,10
Friday,10,5,7
Friday,10,6,11
Friday,10,7,9
Friday,10,8,6
Friday,10,9,7
Friday,10,10,4
Friday,10,11,3
Friday,10,12,2
Friday,10,13,5
Friday,10,15,2
Friday,10,16,5
Friday,10,17,10
Friday,10,18,2
Friday,10,19,6
Friday,10,20,7
Friday,10,21,5
Friday,10,22,3
Friday,10,23,5
Friday,10,24,4
Friday,10,25,6
Friday,10,26,6
Friday,10,27,10
Friday,10,28,6
Friday,10,29,7
Friday,10,30,4
Friday,10,31,2
Friday,10,32,4
Friday,10,33,3
Friday,10,34,1
Friday,10,35,1
Friday,10,36,2
Friday,10,37,2
Friday,10,38,7
Friday,10,39,4
Friday,10,40,6
Friday,10,41,3
Friday,10,42,5
Friday,10,43,4
Friday,10,44,7
Friday,10,45,6
Friday,10,46,4
Friday,10,47,2
Friday,10,48,2
Friday,10,49,1
Friday,10,50,2
Friday,10,51,5
Friday,10,52,2
Friday,10,53,6
Friday,10,54,2
Friday,10,55,4
Friday,10,56,8
Friday,10,57,2
Friday,10,58,5
Friday,10,59,6
Friday,11,0,4
Friday,11,1,2
Friday,11,2,3
Friday,11,3,3
Friday,11,4,2
Friday,11,5,3
Friday,11,6,4
Friday,11,7,5
Friday,11,8,2
Friday,11,9,2
Friday,11,10,1
Friday,11,11,1
Friday,11,12,1
Friday,11,14,1
Friday,11,15,5
Friday,11,16,3
Friday,11,17,6
Friday,11,18,3
Friday,11,19,4
Friday,11,20,6
Friday,11,21,9
Friday,11,22,3
Friday,11,23,6
Friday,11,24,6
Friday,11,25,4
Friday,11,27,1
Friday,11,28,5
Friday,11,29,3
Friday,11,30,4
Friday,11,31,1
Friday,11,32,5
Friday,11,33,2
Friday,11,34,3
Friday,11,36,3
Friday,11,37,2
Friday,11,38,6
Friday,11,39,4
Friday,11,40,4
Friday,11,41,7
Friday,11,42,8
Friday,11,43,14
Friday,11,44,7
Friday,11,45,8
Friday,11,46,6
Friday,11,47,9
Friday,11,48,4
Friday,11,49,9
Friday,11,50,4
Friday,11,51,8
Friday,11,52,5
Friday,11,53,14
Friday,11,54,7
Friday,11,55,4
Friday,11,56,10
Friday,11,57,7
Friday,11,58,8
Friday,11,59,4
Friday,12,0,4
Friday,12,1,5
Friday,12,2,5
Friday,12,3,4
Friday,12,4,8
Friday,12,5,5
Friday,12,6,4
Friday,12,7,7
Friday,12,8,6
Friday,12,9,5
Friday,12,10,5
Friday,12,11,9
Friday,12,12,8
Friday,12,13,8
Friday,12,14,3
Friday,12,15,5
Friday,12,16,2
Friday,12,17,4
Friday,12,18,3
Friday,12,19,2
Friday,12,20,4
Friday,12,21,4
Friday,12,22,2
Friday,12,23,3
Friday,12,24,5
Friday,12,25,3
Friday,12,26,3
Friday,12,27,2
Friday,12,28,1
Friday,12,30,2
Friday,12,31,4
Friday,12,33,3
Friday,12,34,1
Friday,12,35,7
Friday,12,36,5
Friday,12,37,6
Friday,12,38,6
Friday,12,39,11
Friday,12,40,11
Friday,12,41,12
Friday,12,42,7
Friday,12,43,3
Friday,12,44,7
Friday,12,45,6
Friday,12,46,4
Friday,12,47,3
Friday,12,48,6
Friday,12,49,4
Friday,12,50,4
Friday,12,51,2
Friday,12,52,2
Friday,12,53,2
Friday,12,54,7
Friday,12,55,10
Friday,12,56,8
Friday,12,57,4
Friday,12,58,4
Friday,12,59,3
Friday,13,0,5
Friday,13,1,5
Friday,13,2,4
Friday,13,3,2
Friday,13,4,3
Friday,13,5,3
Friday,13,6,10
Friday,13,7,7
Friday,13,8,3
Friday,13,9,2
Friday,13,10,3
Friday,13,12,5
Friday,13,13,2
Friday,13,14,3
Friday,13,15,8
Friday,13,16,9
Friday,13,17,4
Friday,13,18,7
Friday,13,19,10
Friday,13,20,10
Friday,13,21,7
Friday,13,22,9
Friday,13,23,7
Friday,13,24,6
Friday,13,25,4
Friday,13,26,10
Friday,13,27,10
Friday,13,28,16
Friday,13,29,13
Friday,13,30,4
Friday,13,31,13
Friday,13,32,5
Friday,13,33,8
Friday,13,34,6
Friday,13,35,11
Friday,13,36,2
Friday,13,37,5
Friday,13,38,5
Friday,13,39,5
Friday,13,40,2
Friday,13,41,3
Friday,13,42,1
Friday,13,43,6
Friday,13,44,6
Friday,13,45,6
Friday,13,46,4
Friday,13,47,7
Friday,13,48,5
Friday,13,49,4
Friday,13,50,7
Friday,13,51,4
Friday,13,52,4
Friday,13,53,9
Friday,13,54,5
Friday,13,55,8
Friday,13,56,9
Friday,13,57,5
Friday,13,58,6
Friday,13,59,5
Friday,14,0,6
Friday,14,1,7
Friday,14,2,11
Friday,14,3,7
Friday,14,4,10
Friday,14,5,7
Friday,14,6,3
Friday,14,7,7
Friday,14,8,9
Friday,14,9,5
Friday,14,10,3
Friday,14,11,4
Friday,14,12,6
Friday,14,13,8
Friday,14,14,5
Friday,14,15,4
Friday,14,16,5
Friday,14,17,6
Friday,14,18,7
Friday,14,19,3
Friday,14,20,7
Friday,14,21,7
Friday,14,22,5
Friday,14,23,11
Friday,14,24,4
Friday,14,25,7
Friday,14,26,7
Friday,14,27,9
Friday,14,28,6
Friday,14,29,12
Friday,14,30,14
Friday,14,31,9
Friday,14,32,8
Friday,14,33,10
Friday,14,34,6
Friday,14,35,5
Friday,14,36,7
Friday,14,37,6
Friday,14,38,3
Friday,14,39,2
Friday,14,40,8
Friday,14,41,3
Friday,14,42,8
Friday,14,43,3
Friday,14,44,5
Friday,14,45,11
Friday,14,46,6
Friday,14,47,7
Friday,14,48,10
Friday,14,49,5
Friday,14,50,2
Friday,14,51,2
Friday,14,52,3
Friday,14,53,2
Friday,14,54,3
Friday,14,55,1
Friday,14,57,3
Friday,14,58,5
Friday,14,59,4
Friday,15,0,3
Friday,15,1,2
Friday,15,2,5
Friday,15,3,4
Friday,15,4,2
Friday,15,5,7
Friday,15,6,2
Friday,15,7,6
Friday,15,8,7
Friday,15,9,3
Friday,15,10,2
Friday,15,11,4
Friday,15,12,3
Friday,15,13,5
Friday,15,14,3
Friday,15,15,2
Friday,15,16,4
Friday,15,17,3
Friday,15,18,5
Friday,15,19,4
Friday,15,20,2
Friday,15,21,4
Friday,15,22,9
Friday,15,23,6
Friday,15,24,3
Friday,15,25,7
Friday,15,26,5
Friday,15,27,2
Friday,15,28,6
Friday,15,29,7
Friday,15,30,7
Friday,15,31,1
Friday,15,32,1
Friday,15,33,3
Friday,15,34,4
Friday,15,35,5
Friday,15,36,4
Friday,15,37,2
Friday,15,38,3
Friday,15,39,1
Friday,15,40,3
Friday,15,41,3
Friday,15,42,2
Friday,15,43,5
Friday,15,44,10
Friday,15,45,9
Friday,15,46,8
Friday,15,47,10
Friday,15,48,6
Friday,15,49,6
Friday,15,50,3
Friday,15,51,1
Friday,15,52,4
Friday,15,53,4
Friday,15,54,9
Friday,15,55,1
Friday,15,56,3
Friday,15,57,6
Friday,15,58,5
Friday,15,59,2
Friday,16,0,9
Friday,16,1,6
Friday,16,2,5
Friday,16,3,7
Friday,16,4,6
Friday,16,5,2
Friday,16,6,8
Friday,16,7,6
Friday,16,8,2
Friday,16,9,2
Friday,16,10,5
Friday,16,11,2
Friday,16,12,1
Friday,16,13,4
Friday,16,14,6
Friday,16,15,4
Friday,16,16,6
Friday,16,17,12
Friday,16,18,9
Friday,16,19,8
Friday,16,20,5
Friday,16,21,6
Friday,16,22,3
Friday,16,23,7
Friday,16,24,9
Friday,16,25,6
Friday,16,26,4
Friday,16,27,4
Friday,16,28,3
Friday,16,29,6
Friday,16,30,3
Friday,16,31,3
Friday,16,32,4
Friday,16,33,6
Friday,16,34,6
Friday,16,35,3
Friday,16,36,2
Friday,16,37,3
Friday,16,38,9
Friday,16,39,3
Friday,16,40,10
Friday,16,41,14
Friday,16,42,7
Friday,16,43,6
Friday,16,44,7
Friday,16,45,5
Friday,16,46,4
Friday,16,47,13
Friday,16,48,6
Friday,16,49,4
Friday,16,50,4
Friday,16,51,9
Friday,16,52,5
Friday,16,53,8
Friday,16,54,8
Friday,16,55,6
Friday,16,56,8
Friday,16,57,4
Friday,16,58,1
Friday,16,59,2
Friday,17,0,6
Friday,17,1,5
Friday,17,2,7
Friday,17,3,8
Friday,17,4,15
Friday,17,5,8
Friday,17,6,8
Friday,17,7,6
Friday,17,8,8
Friday,17,9,3
Friday,17,10,3
Friday,17,11,3
Friday,17,12,4
Friday,17,13,5
Friday,17,14,8
Friday,17,15,7
Friday,17,16,12
Friday,17,17,11
Friday,17,18,10
Friday,17,19,13
Friday,17,20,11
Friday,17,21,10
Friday,17,22,6
Friday,17,23,9
Friday,17,24,10
Friday,17,25,7
Friday,17,26,10
Friday,17,27,8
Friday,17,28,12
Friday,17,29,11
Friday,17,30,5
Friday,17,31,13
Friday,17,32,5
Friday,17,33,4
Friday,17,34,5
Friday,17,35,9
Friday,17,36,5
Friday,17,38,1
Friday,17,39,8
Friday,17,40,8
Friday,17,41,5
Friday,17,42,4
Friday,17,43,4
Friday,17,44,3
Friday,17,45,4
Friday,17,46,3
Friday,17,47,7
Friday,17,48,12
Friday,17,49,9
Friday,17,50,5
Friday,17,51,3
Friday,17,52,8
Friday,17,53,6
Friday,17,54,6
Friday,17,55,6
Friday,17,56,4
Friday,17,57,3
Friday,17,58,9
Friday,17,59,8
Friday,18,0,11
Friday,18,1,7
Friday,18,2,11
Friday,18,3,12
Friday,18,4,11
Friday,18,5,6
Friday,18,6,7
Friday,18,7,9
Friday,18,8,9
Friday,18,9,7
Friday,18,10,8
Friday,18,11,14
Friday,18,12,10
Friday,18,13,6
Friday,18,14,4
Friday,18,15,10
Friday,18,16,7
Friday,18,17,10
Friday,18,18,10
Friday,18,19,9
Friday,18,20,10
Friday,18,21,12
Friday,18,22,9
Friday,18,23,11
Friday,18,24,12
Friday,18,25,9
Friday,18,26,4
Friday,18,27,10
Friday,18,28,11
Friday,18,29,11
Friday,18,30,9
Friday,18,31,8
Friday,18,32,8
Friday,18,33,10
Friday,18,34,10
Friday,18,35,14
Friday,18,36,13
Friday,18,37,12
Friday,18,38,13
Friday,18,39,16
Friday,18,40,16
Friday,18,41,11
Friday,18,42,7
Friday,18,43,7
Friday,18,44,9
Friday,18,45,10
Friday,18,46,9
Friday,18,47,11
Friday,18,48,10
Friday,18,49,11
Friday,18,50,6
Friday,18,51,10
Friday,18,52,6
Friday,18,53,6
Friday,18,54,6
Friday,18,56,3
Friday,18,57,2
Friday,18,58,7
Friday,18,59,11
Friday,19,0,5
Friday,19,1,1
Friday,19,2,9
Friday,19,3,5
Friday,19,4,10
Friday,19,5,4
Friday,19,6,6
Friday,19,7,6
Friday,19,8,6
Friday,19,9,8
Friday,19,10,11
Friday,19,11,6
Friday,19,12,8
Friday,19,13,7
Friday,19,14,8
Friday,19,15,6
Friday,19,16,4
Friday,19,17,9
Friday,19,18,5
Friday,19,19,8
Friday,19,20,8
Friday,19,21,4
Friday,19,22,9
Friday,19,23,11
Friday,19,24,11
Friday,19,25,3
Friday,19,26,2
Friday,19,27,9
Friday,19,28,15
Friday,19,29,14
Friday,19,30,11
Friday,19,31,13
Friday,19,32,9
Friday,19,33,14
Friday,19,34,11
Friday,19,35,4
Friday,19,36,9
Friday,19,37,14
Friday,19,38,8
Friday,19,39,9
Friday,19,40,11
Friday,19,41,3
Friday,19,42,6
Friday,19,43,11
Friday,19,44,6
Friday,19,45,8
Friday,19,46,5
Friday,19,47,5
Friday,19,48,7
Friday,19,49,9
Friday,19,50,2
Friday,19,51,4
Friday,19,52,7
Friday,19,53,10
Friday,19,54,5
Friday,19,55,8
Friday,19,56,4
Friday,19,57,4
Friday,19,58,9
Friday,19,59,9
Friday,20,0,8
Friday,20,1,10
Friday,20,2,7
Friday,20,3,8
Friday,20,4,8
Friday,20,5,7
Friday,20,6,9
Friday,20,7,3
Friday,20,8,3
Friday,20,9,5
Friday,20,10,3
Friday,20,11,2
Friday,20,12,4
Friday,20,13,8
Friday,20,14,3
Friday,20,15,8
Friday,20,16,8
Friday,20,17,9
Friday,20,18,7
Friday,20,19,10
Friday,20,20,6
Friday,20,21,12
Friday,20,22,7
Friday,20,23,7
Friday,20,24,4
Friday,20,25,9
Friday,20,26,12
Friday,20,27,11
Friday,20,28,2
Friday,20,29,6
Friday,20,30,6
Friday,20,31,7
Friday,20,32,5
Friday,20,33,4
Friday,20,34,7
Friday,20,35,3
Friday,20,36,3
Friday,20,37,3
Friday,20,38,7
Friday,20,39,2
Friday,20,40,3
Friday,20,41,3
Friday,20,42,5
Friday,20,43,3
Friday,20,44,2
Friday,20,45,5
Friday,20,46,5
Friday,20,47,7
Friday,20,48,2
Friday,20,49,6
Friday,20,50,5
Friday,20,51,6
Friday,20,52,3
Friday,20,53,5
Friday,20,54,2
Friday,20,55,1
Friday,20,56,3
Friday,20,57,2
Friday,20,58,7
Friday,20,59,7
Friday,21,0,6
Friday,21,1,4
Friday,21,2,3
Friday,21,3,3
Friday,21,4,2
Friday,21,5,2
Friday,21,6,4
Friday,21,7,1
Friday,21,8,2
Friday,21,9,3
Friday,21,10,3
Friday,21,11,2
Friday,21,12,4
Friday,21,13,2
Friday,21,14,2
Friday,21,15,4
Friday,21,16,4
Friday,21,17,1
Friday,21,18,5
Friday,21,19,2
Friday,21,20,6
Friday,21,21,6
Friday,21,22,5
Friday,21,23,3
Friday,21,24,6
Friday,21,25,6
Friday,21,26,10
Friday,21,27,9
Friday,21,28,5
Friday,21,29,5
Friday,21,30,4
Friday,21,31,6
Friday,21,32,4
Friday,21,33,2
Friday,21,34,4
Friday,21,35,4
Friday,21,37,1
Friday,21,39,1
Friday,21,40,2
Friday,21,41,1
Friday,21,42,2
Friday,21,43,1
Friday,21,44,1
Friday,21,45,2
Friday,21,46,5
Friday,21,47,4
Friday,21,48,7
Friday,21,49,4
Friday,21,50,6
Monday,7,3,2
Monday,7,4,6
Monday,7,5,4
Monday,7,6,8
Monday,7,7,4
Monday,7,8,4
Monday,7,9,3
Monday,7,10,1
Monday,7,11,3
Monday,7,12,5
Monday,7,13,6
Monday,7,14,5
Monday,7,15,4
Monday,7,16,7
Monday,7,17,9
Monday,7,18,7
Monday,7,19,5
Monday,7,20,7
Monday,7,21,2
Monday,7,22,6
Monday,7,23,2
Monday,7,24,2
Monday,7,25,2
Monday,7,26,13
Monday,7,27,11
Monday,7,28,7
Monday,7,29,6
Monday,7,30,10
Monday,7,31,6
Monday,7,32,6
Monday,7,33,10
Monday,7,34,3
Monday,7,35,5
Monday,7,36,4
Monday,7,37,2
Monday,7,38,2
Monday,7,39,4
Monday,7,40,5
Monday,7,41,3
Monday,7,42,5
Monday,7,43,10
Monday,7,44,11
Monday,7,45,7
Monday,7,46,4
Monday,7,47,8
Monday,7,48,10
Monday,7,49,9
Monday,7,50,9
Monday,7,51,3
Monday,7,52,8
Monday,7,53,7
Monday,7,54,6
Monday,7,55,3
Monday,7,56,6
Monday,7,57,5
Monday,7,58,2
Monday,7,59,3
Monday,8,0,3
Monday,8,1,5
Monday,8,2,6
Monday,8,3,7
Monday,8,4,2
Monday,8,5,4
Monday,8,6,8
Monday,8,7,6
Monday,8,8,5
Monday,8,9,3
Monday,8,10,3
Monday,8,11,7
Monday,8,12,4
Monday,8,13,3
Monday,8,14,5
Monday,8,15,3
Monday,8,16,9
Monday,8,17,5
Monday,8,18,4
Monday,8,19,2
Monday,8,20,1
Monday,8,21,3
Monday,8,22,10
Monday,8,23,5
Monday,8,24,2
Monday,8,25,5
Monday,8,26,8
Monday,8,27,3
Monday,8,28,6
Monday,8,29,5
Monday,8,30,3
Monday,8,31,7
Monday,8,32,5
Monday,8,33,10
Monday,8,34,9
Monday,8,35,9
Monday,8,36,6
Monday,8,37,4
Monday,8,38,7
Monday,8,39,5
Monday,8,40,7
Monday,8,41,9
Monday,8,42,7
Monday,8,43,10
Monday,8,44,11
Monday,8,45,10
Monday,8,46,13
Monday,8,47,8
Monday,8,48,10
Monday,8,49,4
Monday,8,50,10
Monday,8,51,10
Monday,8,52,3
Monday,8,53,4
Monday,8,54,4
Monday,8,55,10
Monday,8,56,7
Monday,8,57,7
Monday,8,58,9
Monday,8,59,4
Monday,9,0,8
Monday,9,1,2
Monday,9,2,5
Monday,9,3,6
Monday,9,4,3
Monday,9,5,3
Monday,9,6,3
Monday,9,7,3
Monday,9,8,6
Monday,9,9,5
Monday,9,10,7
Monday,9,11,5
Monday,9,12,6
Monday,9,13,5
Monday,9,14,3
Monday,9,15,3
Monday,9,16,6
Monday,9,17,1
Monday,9,18,6
Monday,9,19,6
Monday,9,20,6
Monday,9,21,5
Monday,9,22,10
Monday,9,23,6
Monday,9,24,3
Monday,9,25,2
Monday,9,26,1
Monday,9,27,4
Monday,9,28,2
Monday,9,29,2
Monday,9,30,2
Monday,9,31,5
Monday,9,32,4
Monday,9,33,3
Monday,9,34,8
Monday,9,35,5
Monday,9,36,3
Monday,9,37,9
Monday,9,38,10
Monday,9,39,9
Monday,9,40,7
Monday,9,41,5
Monday,9,42,10
Monday,9,43,8
Monday,9,44,6
Monday,9,45,6
Monday,9,46,9
Monday,9,47,4
Monday,9,48,2
Monday,9,49,6
Monday,9,50,3
Monday,9,51,3
Monday,9,52,5
Monday,9,53,8
Monday,9,54,5
Monday,9,55,9
Monday,9,56,4
Monday,9,57,3
Monday,9,58,5
Monday,9,59,9
Monday,10,0,4
Monday,10,1,4
Monday,10,2,7
Monday,10,3,2
Monday,10,4,1
Monday,10,5,3
Monday,10,6,1
Monday,10,7,7
Monday,10,8,6
Monday,10,9,8
Monday,10,10,4
Monday,10,11,2
Monday,10,12,8
Monday,10,13,6
Monday,10,14,3
Monday,10,15,6
Monday,10,16,4
Monday,10,17,10
Monday,10,18,10
Monday,10,19,9
Monday,10,20,8
Monday,10,21,2
Monday,10,22,5
Monday,10,23,2
Monday,10,24,2
Monday,10,25,4
Monday,10,27,4
Monday,10,28,2
Monday,10,29,1
Monday,10,30,1
Monday,10,31,2
Monday,10,32,3
Monday,10,33,2
Monday,10,34,3
Monday,10,35,3
Monday,10,36,9
Monday,10,37,5
Monday,10,38,2
Monday,10,39,9
Monday,10,40,10
Monday,10,41,10
Monday,10,42,5
Monday,10,43,7
Monday,10,44,6
Monday,10,45,7
Monday,10,46,9
Monday,10,47,6
Monday,10,48,4
Monday,10,49,7
Monday,10,50,8
Monday,10,51,9
Monday,10,52,4
Monday,10,53,4
Monday,10,54,4
Monday,10,55,2
Monday,10,56,1
Monday,10,57,1
Monday,10,58,2
Monday,10,59,2
Monday,11,0,4
Monday,11,1,1
Monday,11,2,2
Monday,11,3,1
Monday,11,4,1
Monday,11,5,4
Monday,11,6,3
Monday,11,7,1
Monday,11,8,3
Monday,11,9,5
Monday,11,10,6
Monday,11,11,3
Monday,11,12,4
Monday,11,13,5
Monday,11,14,5
Monday,11,16,3
Monday,11,17,1
Monday,11,18,1
Monday,11,19,5
Monday,11,20,3
Monday,11,21,6
Monday,11,22,8
Monday,11,23,6
Monday,11,24,10
Monday,11,25,5
Monday,11,26,2
Monday,11,27,3
Monday,11,28,9
Monday,11,29,5
Monday,11,30,1
Monday,11,31,2
Monday,11,32,4
Monday,11,33,4
Monday,11,34,5
Monday,11,35,1
Monday,11,36,2
Monday,11,37,4
Monday,11,38,1
Monday,11,39,2
Monday,11,40,2
Monday,11,41,1
Monday,11,42,3
Monday,11,44,2
Monday,11,45,1
Monday,11,47,1
Monday,11,48,2
Monday,11,49,1
Monday,11,50,2
Monday,11,51,3
Monday,11,52,6
Monday,11,53,3
Monday,11,54,3
Monday,11,55,3
Monday,11,56,3
Monday,11,57,3
Monday,11,58,3
Monday,11,59,6
Monday,12,0,3
Monday,12,1,3
Monday,12,2,1
Monday,12,3,4
Monday,12,4,2
Monday,12,5,5
Monday,12,6,3
Monday,12,7,3
Monday,12,8,6
Monday,12,9,2
Monday,12,10,2
Monday,12,11,6
Monday,12,12,4
Monday,12,13,5
Monday,12,14,3
Monday,12,15,3
Monday,12,16,2
Monday,12,17,6
Monday,12,18,7
Monday,12,19,3
Monday,12,20,3
Monday,12,21,2
Monday,12,22,5
Monday,12,23,7
Monday,12,24,3
Monday,12,25,5
Monday,12,26,3
Monday,12,27,7
Monday,12,28,10
Monday,12,29,5
Monday,12,30,7
Monday,12,31,2
Monday,12,32,8
Monday,12,33,4
Monday,12,34,3
Monday,12,35,6
Monday,12,36,3
Monday,12,37,6
Monday,12,38,5
Monday,12,39,3
Monday,12,40,4
Monday,12,41,1
Monday,12,42,5
Monday,12,43,5
Monday,12,44,5
Monday,12,45,6
Monday,12,46,7
Monday,12,47,3
Monday,12,48,7
Monday,12,49,4
Monday,12,50,5
Monday,12,51,1
Monday,12,52,1
Monday,12,53,4
Monday,12,54,4
Monday,12,55,8
Monday,12,56,8
Monday,12,57,4
Monday,12,58,5
Monday,12,59,8
Monday,13,0,7
Monday,13,1,7
Monday,13,2,2
Monday,13,3,3
Monday,13,4,7
Monday,13,5,2
Monday,13,6,6
Monday,13,7,8
Monday,13,8,5
Monday,13,9,2
Monday,13,10,10
Monday,13,11,8
Monday,13,12,7
Monday,13,13,6
Monday,13,14,6
Monday,13,15,9
Monday,13,16,12
Monday,13,17,13
Monday,13,18,11
Monday,13,19,7
Monday,13,20,7
Monday,13,21,3
Monday,13,22,9
Monday,13,23,4
Monday,13,24,10
Monday,13,25,9
Monday,13,26,5
Monday,13,27,11
Monday,13,28,4
Monday,13,29,3
Monday,13,30,5
Monday,13,31,6
Monday,13,32,6
Monday,13,33,6
Monday,13,34,8
Monday,13,35,11
Monday,13,36,8
Monday,13,37,10
Monday,13,38,4
Monday,13,39,8
Monday,13,40,7
Monday,13,41,6
Monday,13,42,4
Monday,13,43,7
Monday,13,44,7
Monday,13,45,9
Monday,13,46,9
Monday,13,47,13
Monday,13,48,10
Monday,13,49,7
Monday,13,50,7
Monday,13,51,8
Monday,13,52,5
Monday,13,53,6
Monday,13,54,2
Monday,13,55,5
Monday,13,56,7
Monday,13,57,2
Monday,13,58,8
Monday,13,59,8
Monday,14,0,3
Monday,14,1,2
Monday,14,2,5
Monday,14,3,6
Monday,14,4,4
Monday,14,5,7
Monday,14,6,3
Monday,14,7,1
Monday,14,8,4
Monday,14,9,6
Monday,14,10,4
Monday,14,11,8
Monday,14,12,4
Monday,14,13,2
Monday,14,14,3
Monday,14,15,4
Monday,14,16,4
Monday,14,18,2
Monday,14,19,4
Monday,14,20,3
Monday,14,21,9
Monday,14,22,10
Monday,14,23,11
Monday,14,24,12
Monday,14,25,8
Monday,14,26,7
Monday,14,27,6
Monday,14,28,3
Monday,14,29,5
Monday,14,30,2
Monday,14,31,4
Monday,14,32,1
Monday,14,33,2
Monday,14,34,3
Monday,14,35,2
Monday,14,36,7
Monday,14,37,7
Monday,14,38,3
Monday,14,39,2
Monday,14,40,4
Monday,14,41,7
Monday,14,42,7
Monday,14,43,12
Monday,14,44,11
Monday,14,45,10
Monday,14,46,4
Monday,14,47,11
Monday,14,48,5
Monday,14,49,5
Monday,14,50,3
Monday,14,51,4
Monday,14,52,4
Monday,14,53,10
Monday,14,54,3
Monday,14,55,5
Monday,14,56,6
Monday,14,57,2
Monday,14,58,4
Monday,14,59,5
Monday,15,0,9
Monday,15,1,4
Monday,15,2,7
Monday,15,3,4
Monday,15,4,5
Monday,15,5,6
Monday,15,6,2
Monday,15,7,9
Monday,15,8,6
Monday,15,9,7
Monday,15,10,7
Monday,15,11,9
Monday,15,12,7
Monday,15,13,8
Monday,15,14,9
Monday,15,15,7
Monday,15,16,6
Monday,15,17,6
Monday,15,18,6
Monday,15,19,7
Monday,15,20,4
Monday,15,21,6
Monday,15,22,6
Monday,15,23,7
Monday,15,24,8
Monday,15,25,4
Monday,15,26,7
Monday,15,27,7
Monday,15,28,7
Monday,15,29,7
Monday,15,30,7
Monday,15,31,4
Monday,15,32,3
Monday,15,33,8
Monday,15,34,8
Monday,15,35,6
Monday,15,36,8
Monday,15,37,6
Monday,15,38,3
Monday,15,39,5
Monday,15,40,11
Monday,15,41,10
Monday,15,42,6
Monday,15,43,3
Monday,15,44,6
Monday,15,45,7
Monday,15,46,4
Monday,15,47,6
Monday,15,48,4
Monday,15,49,3
Monday,15,50,4
Monday,15,51,5
Monday,15,52,2
Monday,15,53,1
Monday,15,54,2
Monday,15,55,4
Monday,15,56,4
Monday,15,57,2
Monday,15,58,5
Monday,15,59,1
Monday,16,0,4
Monday,16,1,4
Monday,16,2,2
Monday,16,3,1
Monday,16,4,1
Monday,16,5,5
Monday,16,6,2
Monday,16,7,2
Monday,16,8,1
Monday,16,9,1
Monday,16,10,5
Monday,16,11,3
Monday,16,13,1
Monday,16,14,3
Monday,16,15,1
Monday,16,16,4
Monday,16,17,5
Monday,16,19,3
Monday,16,20,1
Monday,16,21,2
Monday,16,22,1
Monday,16,23,5
Monday,16,24,5
Monday,16,25,2
Monday,16,27,6
Monday,16,28,5
Monday,16,29,9
Monday,16,30,4
Monday,16,31,4
Monday,16,32,7
Monday,16,33,5
Monday,16,34,4
Monday,16,35,3
Monday,16,36,9
Monday,16,37,5
Monday,16,38,7
Monday,16,39,3
Monday,16,40,7
Monday,16,41,10
Monday,16,42,7
Monday,16,43,8
Monday,16,44,6
Monday,16,45,5
Monday,16,46,6
Monday,16,47,11
Monday,16,48,12
Monday,16,49,8
Monday,16,50,11
Monday,16,51,8
Monday,16,52,5
Monday,16,53,4
Monday,16,54,11
Monday,16,55,11
Monday,16,56,9
Monday,16,57,9
Monday,16,58,14
Monday,16,59,10
Monday,17,0,9
Monday,17,1,7
Monday,17,2,5
Monday,17,3,4
Monday,17,4,9
Monday,17,5,3
Monday,17,6,9
Monday,17,7,10
Monday,17,8,8
Monday,17,9,6
Monday,17,10,5
Monday,17,11,1
Monday,17,12,1
Monday,17,13,8
Monday,17,14,11
Monday,17,15,8
Monday,17,16,8
Monday,17,17,10
Monday,17,18,6
Monday,17,19,7
Monday,17,20,13
Monday,17,21,5
Monday,17,22,11
Monday,17,23,10
Monday,17,24,8
Monday,17,25,8
Monday,17,26,3
Monday,17,27,4
Monday,17,28,3
Monday,17,29,4
Monday,17,30,13
Monday,17,31,8
Monday,17,32,12
Monday,17,33,7
Monday,17,34,5
Monday,17,35,9
Monday,17,36,10
Monday,17,37,9
Monday,17,38,6
Monday,17,39,4
Monday,17,40,5
Monday,17,41,5
Monday,17,42,3
Monday,17,43,5
Monday,17,44,5
Monday,17,45,4
Monday,17,46,4
Monday,17,47,3
Monday,17,48,8
Monday,17,49,13
Monday,17,50,9
Monday,17,51,7
Monday,17,52,8
Monday,17,53,6
Monday,17,54,3
Monday,17,55,8
Monday,17,56,3
Monday,17,57,9
Monday,17,58,7
Monday,17,59,8
Monday,18,0,8
Monday,18,1,9
Monday,18,2,8
Monday,18,3,9
Monday,18,4,10
Monday,18,5,8
Monday,18,6,9
Monday,18,7,6
Monday,18,8,4
Monday,18,9,5
Monday,18,10,7
Monday,18,11,9
Monday,18,12,10
Monday,18,13,6
Monday,18,14,12
Monday,18,15,8
Monday,18,16,7
Monday,18,17,4
Monday,18,18,11
Monday,18,19,11
Monday,18,20,11
Monday,18,21,10
Monday,18,22,5
Monday,18,23,9
Monday,18,24,4
Monday,18,25,8
Monday,18,26,4
Monday,18,27,4
Monday,18,28,4
Monday,18,29,5
Monday,18,30,4
Monday,18,31,6
Monday,18,32,4
Monday,18,33,5
Monday,18,34,9
Monday,18,35,7
Monday,18,36,6
Monday,18,37,9
Monday,18,38,9
Monday,18,39,9
Monday,18,40,6
Monday,18,41,6
Monday,18,42,8
Monday,18,43,10
Monday,18,44,9
Monday,18,45,7
Monday,18,46,7
Monday,18,47,11
Monday,18,48,4
Monday,18,49,4
Monday,18,50,6
Monday,18,51,6
Monday,18,52,7
Monday,18,53,9
Monday,18,54,7
Monday,18,55,8
Monday,18,56,10
Monday,18,57,13
Monday,18,58,9
Monday,18,59,9
Monday,19,0,9
Monday,19,1,8
Monday,19,2,8
Monday,19,3,7
Monday,19,4,6
Monday,19,5,3
Monday,19,6,3
Monday,19,7,8
Monday,19,8,2
Monday,19,9,14
Monday,19,10,9
Monday,19,11,6
Monday,19,12,2
Monday,19,13,6
Monday,19,14,12
Monday,19,15,10
Monday,19,16,8
Monday,19,17,5
Monday,19,18,6
Monday,19,19,4
Monday,19,20,3
Monday,19,21,2
Monday,19,22,7
Monday,19,23,7
Monday,19,24,7
Monday,19,25,3
Monday,19,26,8
Monday,19,27,4
Monday,19,28,5
Monday,19,29,4
Monday,19,30,2
Monday,19,31,1
Monday,19,32,4
Monday,19,33,1
Monday,19,34,9
Monday,19,35,13
Monday,19,36,10
Monday,19,37,7
Monday,19,38,5
Monday,19,39,12
Monday,19,40,9
Monday,19,41,9
Monday,19,42,5
Monday,19,43,8
Monday,19,44,4
Monday,19,45,10
Monday,19,46,6
Monday,19,47,8
Monday,19,48,5
Monday,19,49,7
Monday,19,50,10
Monday,19,51,10
Monday,19,52,15
Monday,19,53,8
Monday,19,54,11
Monday,19,55,7
Monday,19,56,7
Monday,19,57,6
Monday,19,58,6
Monday,19,59,3
Monday,20,0,4
Monday,20,1,3
Monday,20,2,5
Monday,20,3,3
Monday,20,4,3
Monday,20,5,4
Monday,20,6,5
Monday,20,7,2
Monday,20,8,7
Monday,20,9,8
Monday,20,10,7
Monday,20,11,8
Monday,20,12,6
Monday,20,13,8
Monday,20,14,6
Monday,20,15,6
Monday,20,16,7
Monday,20,17,10
Monday,20,18,7
Monday,20,19,3
Monday,20,20,6
Monday,20,21,4
Monday,20,22,3
Monday,20,23,4
Monday,20,24,2
Monday,20,25,6
Monday,20,26,2
Monday,20,27,1
Monday,20,28,3
Monday,20,29,5
Monday,20,30,7
Monday,20,31,3
Monday,20,32,4
Monday,20,33,8
Monday,20,34,8
Monday,20,35,5
Monday,20,36,5
Monday,20,37,11
Monday,20,38,7
Monday,20,39,9
Monday,20,40,7
Monday,20,41,10
Monday,20,42,11
Monday,20,43,7
Monday,20,44,8
Monday,20,45,10
Monday,20,46,11
Monday,20,47,10
Monday,20,48,12
Monday,20,49,7
Monday,20,50,4
Monday,20,51,8
Monday,20,52,5
Monday,20,53,16
Monday,20,54,8
Monday,20,55,7
Monday,20,56,6
Monday,20,57,4
Monday,20,58,7
Monday,20,59,4
Monday,21,0,5
Monday,21,1,4
Monday,21,2,2
Monday,21,3,6
Monday,21,4,1
Monday,21,5,6
Monday,21,6,6
Monday,21,7,6
Monday,21,8,5
Monday,21,9,4
Monday,21,10,2
Monday,21,11,3
Monday,21,12,2
Monday,21,13,4
Monday,21,14,1
Monday,21,15,4
Monday,21,16,1
Monday,21,17,3
Monday,21,18,1
Monday,21,21,1
Monday,21,22,2
Monday,21,23,2
Monday,21,25,2
Monday,21,26,8
Monday,21,27,6
Monday,21,28,4
Monday,21,29,2
Monday,21,30,3
Monday,21,31,2
Monday,21,32,4
Monday,21,33,3
Monday,21,34,2
Monday,21,36,1
Monday,21,37,1
Monday,21,38,1
Monday,21,40,3
Monday,21,41,2
Monday,21,42,2
Monday,21,43,6
Monday,21,44,2
Monday,21,46,6
Monday,21,47,6
Monday,21,48,7
Monday,21,49,7
Monday,21,50,2
Thursday,7,0,1
Thursday,7,1,3
Thursday,7,2,2
Thursday,7,3,1
Thursday,7,4,2
Thursday,7,5,2
Thursday,7,6,1
Thursday,7,7,4
Thursday,7,8,5
Thursday,7,9,4
Thursday,7,10,2
Thursday,7,11,2
Thursday,7,12,10
Thursday,7,13,7
Thursday,7,14,10
Thursday,7,15,11
Thursday,7,16,8
Thursday,7,17,8
Thursday,7,18,7
Thursday,7,19,16
Thursday,7,20,9
Thursday,7,21,7
Thursday,7,22,5
Thursday,7,23,10
Thursday,7,24,4
Thursday,7,25,6
Thursday,7,26,6
Thursday,7,27,9
Thursday,7,28,5
Thursday,7,29,3
Thursday,7,30,6
Thursday,7,31,7
Thursday,7,32,10
Thursday,7,33,4
Thursday,7,34,10
Thursday,7,35,12
Thursday,7,36,11
Thursday,7,37,7
Thursday,7,38,4
Thursday,7,39,6
Thursday,7,40,6
Thursday,7,41,1
Thursday,7,42,3
Thursday,7,43,2
Thursday,7,44,7
Thursday,7,45,2
Thursday,7,46,2
Thursday,7,47,5
Thursday,7,48,4
Thursday,7,49,5
Thursday,7,50,4
Thursday,7,51,2
Thursday,7,52,2
Thursday,7,53,5
Thursday,7,54,6
Thursday,7,55,3
Thursday,7,56,3
Thursday,7,57,2
Thursday,7,58,2
Thursday,7,59,2
Thursday,8,0,5
Thursday,8,1,6
Thursday,8,2,9
Thursday,8,3,5
Thursday,8,4,10
Thursday,8,5,11
Thursday,8,6,9
Thursday,8,7,8
Thursday,8,8,3
Thursday,8,9,8
Thursday,8,10,9
Thursday,8,11,12
Thursday,8,12,4
Thursday,8,13,8
Thursday,8,14,7
Thursday,8,15,3
Thursday,8,16,9
Thursday,8,17,19
Thursday,8,18,10
Thursday,8,19,10
Thursday,8,20,8
Thursday,8,21,16
Thursday,8,22,13
Thursday,8,23,7
Thursday,8,24,8
Thursday,8,25,11
Thursday,8,26,13
Thursday,8,27,7
Thursday,8,28,8
Thursday,8,29,6
Thursday,8,30,3
Thursday,8,31,3
Thursday,8,32,5
Thursday,8,33,3
Thursday,8,34,8
Thursday,8,35,3
Thursday,8,36,8
Thursday,8,37,6
Thursday,8,38,2
Thursday,8,39,7
Thursday,8,40,4
Thursday,8,41,5
Thursday,8,42,7
Thursday,8,43,10
Thursday,8,44,6
Thursday,8,45,13
Thursday,8,46,6
Thursday,8,47,8
Thursday,8,48,7
Thursday,8,49,5
Thursday,8,50,6
Thursday,8,51,4
Thursday,8,52,5
Thursday,8,53,8
Thursday,8,54,8
Thursday,8,55,8
Thursday,8,56,5
Thursday,8,57,7
Thursday,8,58,4
Thursday,8,59,11
Thursday,9,0,9
Thursday,9,1,9
Thursday,9,2,7
Thursday,9,3,14
Thursday,9,4,12
Thursday,9,5,10
Thursday,9,6,12
Thursday,9,7,3
Thursday,9,8,10
Thursday,9,9,7
Thursday,9,10,5
Thursday,9,11,6
Thursday,9,12,10
Thursday,9,13,13
Thursday,9,14,7
Thursday,9,15,7
Thursday,9,16,7
Thursday,9,17,6
Thursday,9,18,4
Thursday,9,19,6
Thursday,9,20,5
Thursday,9,21,6
Thursday,9,22,5
Thursday,9,23,10
Thursday,9,24,5
Thursday,9,25,6
Thursday,9,26,1
Thursday,9,27,5
Thursday,9,28,6
Thursday,9,29,11
Thursday,9,30,6
Thursday,9,31,6
Thursday,9,32,6
Thursday,9,33,3
Thursday,9,34,2
Thursday,9,35,5
Thursday,9,36,2
Thursday,9,37,4
Thursday,9,38,1
Thursday,9,40,1
Thursday,9,41,4
Thursday,9,42,3
Thursday,9,43,3
Thursday,9,44,1
Thursday,9,45,4
Thursday,9,46,6
Thursday,9,47,3
Thursday,9,48,10
Thursday,9,49,4
Thursday,9,50,1
Thursday,9,51,2
Thursday,9,52,2
Thursday,9,53,1
Thursday,9,54,1
Thursday,9,55,4
Thursday,9,56,2
Thursday,9,57,4
Thursday,9,58,3
Thursday,9,59,5
Thursday,10,0,6
Thursday,10,1,8
Thursday,10,2,4
Thursday,10,3,6
Thursday,10,4,9
Thursday,10,5,4
Thursday,10,6,4
Thursday,10,7,7
Thursday,10,8,4
Thursday,10,9,8
Thursday,10,10,9
Thursday,10,11,6
Thursday,10,12,3
Thursday,10,13,6
Thursday,10,14,6
Thursday,10,15,9
Thursday,10,16,6
Thursday,10,17,5
Thursday,10,18,4
Thursday,10,19,7
Thursday,10,20,9
Thursday,10,21,7
Thursday,10,22,5
Thursday,10,23,6
Thursday,10,24,6
Thursday,10,25,2
Thursday,10,26,4
Thursday,10,27,5
Thursday,10,28,6
Thursday,10,29,2
Thursday,10,30,3
Thursday,10,31,8
Thursday,10,32,1
Thursday,10,33,4
Thursday,10,34,5
Thursday,10,35,4
Thursday,10,36,4
Thursday,10,37,4
Thursday,10,38,5
Thursday,10,39,4
Thursday,10,40,3
Thursday,10,41,2
Thursday,10,42,5
Thursday,10,43,1
Thursday,10,44,3
Thursday,10,45,2
Thursday,10,46,5
Thursday,10,47,10
Thursday,10,48,7
Thursday,10,49,7
Thursday,10,50,4
Thursday,10,51,6
Thursday,10,52,2
Thursday,10,53,4
Thursday,10,54,7
Thursday,10,56,4
Thursday,10,57,3
Thursday,10,58,10
Thursday,10,59,3
Thursday,11,0,4
Thursday,11,1,5
Thursday,11,2,6
Thursday,11,3,5
Thursday,11,4,4
Thursday,11,5,4
Thursday,11,6,8
Thursday,11,7,11
Thursday,11,8,6
Thursday,11,9,8
Thursday,11,10,4
Thursday,11,11,5
Thursday,11,12,2
Thursday,11,13,4
Thursday,11,14,1
Thursday,11,15,1
Thursday,11,16,1
Thursday,11,17,3
Thursday,11,18,2
Thursday,11,19,5
Thursday,11,20,4
Thursday,11,21,4
Thursday,11,22,8
Thursday,11,23,4
Thursday,11,24,2
Thursday,11,25,3
Thursday,11,26,3
Thursday,11,27,5
Thursday,11,28,3
Thursday,11,29,2
Thursday,11,30,2
Thursday,11,31,2
Thursday,11,32,4
Thursday,11,33,2
Thursday,11,34,4
Thursday,11,35,4
Thursday,11,36,2
Thursday,11,37,1
Thursday,11,38,2
Thursday,11,39,5
Thursday,11,40,3
Thursday,11,41,2
Thursday,11,42,1
Thursday,11,43,2
Thursday,11,44,3
Thursday,11,45,2
Thursday,11,46,9
Thursday,11,47,9
Thursday,11,48,5
Thursday,11,49,3
Thursday,11,51,4
Thursday,11,52,4
Thursday,11,53,5
Thursday,11,54,2
Thursday,11,55,7
Thursday,11,56,5
Thursday,11,57,4
Thursday,11,58,2
Thursday,12,0,6
Thursday,12,1,4
Thursday,12,2,4
Thursday,12,3,4
Thursday,12,4,3
Thursday,12,5,1
Thursday,12,6,2
Thursday,12,7,3
Thursday,12,9,7
Thursday,12,10,2
Thursday,12,11,6
Thursday,12,12,6
Thursday,12,13,3
Thursday,12,14,6
Thursday,12,15,6
Thursday,12,16,4
Thursday,12,17,10
Thursday,12,18,5
Thursday,12,19,6
Thursday,12,20,2
Thursday,12,21,1
Thursday,12,22,4
Thursday,12,23,3
Thursday,12,24,5
Thursday,12,25,2
Thursday,12,26,4
Thursday,12,27,5
Thursday,12,28,5
Thursday,12,30,3
Thursday,12,31,1
Thursday,12,32,3
Thursday,12,33,3
Thursday,12,34,4
Thursday,12,35,3
Thursday,12,36,2
Thursday,12,37,6
Thursday,12,38,1
Thursday,12,39,3
Thursday,12,40,2
Thursday,12,41,3
Thursday,12,42,4
Thursday,12,43,8
Thursday,12,44,8
Thursday,12,45,7
Thursday,12,46,3
Thursday,12,47,2
Thursday,12,48,4
Thursday,12,49,4
Thursday,12,50,3
Thursday,12,51,4
Thursday,12,52,2
Thursday,12,53,5
Thursday,12,54,8
Thursday,12,55,7
Thursday,12,56,1
Thursday,12,57,4
Thursday,12,58,4
Thursday,12,59,3
Thursday,13,0,7
Thursday,13,1,6
Thursday,13,2,8
Thursday,13,3,4
Thursday,13,4,5
Thursday,13,5,7
Thursday,13,6,7
Thursday,13,7,1
Thursday,13,8,3
Thursday,13,9,5
Thursday,13,10,8
Thursday,13,11,5
Thursday,13,12,5
Thursday,13,13,3
Thursday,13,14,4
Thursday,13,15,6
Thursday,13,16,3
Thursday,13,17,4
Thursday,13,18,4
Thursday,13,19,3
Thursday,13,20,2
Thursday,13,21,4
Thursday,13,22,5
Thursday,13,23,1
Thursday,13,24,4
Thursday,13,25,2
Thursday,13,26,9
Thursday,13,27,5
Thursday,13,28,2
Thursday,13,29,9
Thursday,13,30,9
Thursday,13,31,4
Thursday,13,32,7
Thursday,13,33,5
Thursday,13,34,7
Thursday,13,35,5
Thursday,13,36,5
Thursday,13,37,3
Thursday,13,38,5
Thursday,13,39,6
Thursday,13,40,7
Thursday,13,41,3
Thursday,13,42,6
Thursday,13,43,9
Thursday,13,44,7
Thursday,13,45,5
Thursday,13,46,9
Thursday,13,47,5
Thursday,13,49,4
Thursday,13,50,2
Thursday,13,51,4
Thursday,13,52,6
Thursday,13,53,5
Thursday,13,54,7
Thursday,13,55,4
Thursday,13,56,5
Thursday,13,57,3
Thursday,13,58,4
Thursday,13,59,5
Thursday,14,0,4
Thursday,14,1,4
Thursday,14,2,2
Thursday,14,3,3
Thursday,14,4,3
Thursday,14,5,3
Thursday,14,6,2
Thursday,14,7,3
Thursday,14,8,8
Thursday,14,9,4
Thursday,14,10,3
Thursday,14,11,10
Thursday,14,12,7
Thursday,14,13,5
Thursday,14,14,7
Thursday,14,15,5
Thursday,14,16,9
Thursday,14,17,8
Thursday,14,18,4
Thursday,14,19,1
Thursday,14,20,4
Thursday,14,21,3
Thursday,14,22,3
Thursday,14,23,3
Thursday,14,24,5
Thursday,14,25,1
Thursday,14,26,1
Thursday,14,27,5
Thursday,14,28,2
Thursday,14,29,4
Thursday,14,30,2
Thursday,14,31,6
Thursday,14,32,6
Thursday,14,33,5
Thursday,14,34,3
Thursday,14,35,5
Thursday,14,36,4
Thursday,14,37,2
Thursday,14,38,6
Thursday,14,39,9
Thursday,14,40,8
Thursday,14,41,3
Thursday,14,42,5
Thursday,14,43,9
Thursday,14,44,4
Thursday,14,45,7
Thursday,14,46,7
Thursday,14,47,2
Thursday,14,48,2
Thursday,14,49,5
Thursday,14,50,1
Thursday,14,51,6
Thursday,14,52,4
Thursday,14,53,3
Thursday,14,54,6
Thursday,14,55,8
Thursday,14,56,14
Thursday,14,57,11
Thursday,14,58,10
Thursday,14,59,10
Thursday,15,0,12
Thursday,15,1,11
Thursday,15,2,9
Thursday,15,3,6
Thursday,15,4,6
Thursday,15,5,4
Thursday,15,6,8
Thursday,15,7,4
Thursday,15,8,10
Thursday,15,9,7
Thursday,15,10,9
Thursday,15,11,6
Thursday,15,12,4
Thursday,15,13,2
Thursday,15,14,2
Thursday,15,15,4
Thursday,15,16,3
Thursday,15,17,5
Thursday,15,18,5
Thursday,15,19,4
Thursday,15,20,2
Thursday,15,21,4
Thursday,15,22,4
Thursday,15,23,2
Thursday,15,24,5
Thursday,15,25,7
Thursday,15,26,4
Thursday,15,27,12
Thursday,15,28,7
Thursday,15,29,9
Thursday,15,30,4
Thursday,15,31,2
Thursday,15,32,4
Thursday,15,33,5
Thursday,15,34,5
Thursday,15,35,7
Thursday,15,36,3
Thursday,15,37,2
Thursday,15,38,5
Thursday,15,39,2
Thursday,15,40,1
Thursday,15,41,1
Thursday,15,42,3
Thursday,15,43,5
Thursday,15,44,2
Thursday,15,45,3
Thursday,15,46,3
Thursday,15,47,3
Thursday,15,48,2
Thursday,15,49,3
Thursday,15,50,1
Thursday,15,51,1
Thursday,15,52,3
Thursday,15,53,2
Thursday,15,54,1
Thursday,15,55,1
Thursday,15,56,2
Thursday,15,57,3
Thursday,15,58,4
Thursday,15,59,6
Thursday,16,0,8
Thursday,16,1,3
Thursday,16,2,6
Thursday,16,3,2
Thursday,16,4,6
Thursday,16,5,4
Thursday,16,6,1
Thursday,16,7,7
Thursday,16,8,3
Thursday,16,9,3
Thursday,16,10,9
Thursday,16,11,5
Thursday,16,12,4
Thursday,16,13,5
Thursday,16,14,2
Thursday,16,15,4
Thursday,16,16,10
Thursday,16,17,7
Thursday,16,18,8
Thursday,16,19,4
Thursday,16,20,8
Thursday,16,21,7
Thursday,16,22,5
Thursday,16,23,6
Thursday,16,24,7
Thursday,16,25,12
Thursday,16,26,9
Thursday,16,27,10
Thursday,16,28,5
Thursday,16,29,10
Thursday,16,30,11
Thursday,16,31,6
Thursday,16,32,5
Thursday,16,33,4
Thursday,16,34,6
Thursday,16,35,9
Thursday,16,36,6
Thursday,16,37,9
Thursday,16,38,5
Thursday,16,39,4
Thursday,16,40,7
Thursday,16,41,4
Thursday,16,42,2
Thursday,16,43,7
Thursday,16,44,4
Thursday,16,45,6
Thursday,16,46,11
Thursday,16,47,11
Thursday,16,48,3
Thursday,16,49,10
Thursday,16,50,6
Thursday,16,51,10
Thursday,16,52,13
Thursday,16,53,4
Thursday,16,54,11
Thursday,16,55,9
Thursday,16,56,3
Thursday,16,57,2
Thursday,16,58,8
Thursday,16,59,8
Thursday,17,0,10
Thursday,17,1,6
Thursday,17,2,7
Thursday,17,3,5
Thursday,17,4,3
Thursday,17,5,2
Thursday,17,6,4
Thursday,17,7,3
Thursday,17,8,5
Thursday,17,9,9
Thursday,17,10,1
Thursday,17,11,4
Thursday,17,12,5
Thursday,17,13,5
Thursday,17,14,6
Thursday,17,15,9
Thursday,17,16,9
Thursday,17,17,8
Thursday,17,18,16
Thursday,17,19,6
Thursday,17,20,8
Thursday,17,21,6
Thursday,17,22,9
Thursday,17,23,5
Thursday,17,24,5
Thursday,17,25,6
Thursday,17,26,6
Thursday,17,27,6
Thursday,17,28,9
Thursday,17,29,4
Thursday,17,30,5
Thursday,17,31,6
Thursday,17,32,10
Thursday,17,33,11
Thursday,17,34,4
Thursday,17,35,8
Thursday,17,36,7
Thursday,17,37,5
Thursday,17,38,8
Thursday,17,39,6
Thursday,17,40,7
Thursday,17,41,3
Thursday,17,42,5
Thursday,17,43,4
Thursday,17,44,11
Thursday,17,45,7
Thursday,17,46,5
Thursday,17,47,8
Thursday,17,48,11
Thursday,17,49,6
Thursday,17,50,11
Thursday,17,51,6
Thursday,17,52,3
Thursday,17,53,9
Thursday,17,54,10
Thursday,17,55,6
Thursday,17,56,7
Thursday,17,57,5
Thursday,17,58,5
Thursday,17,59,6
Thursday,18,0,4
Thursday,18,1,8
Thursday,18,2,9
Thursday,18,3,6
Thursday,18,4,7
Thursday,18,5,9
Thursday,18,6,5
Thursday,18,7,8
Thursday,18,8,9
Thursday,18,9,7
Thursday,18,10,4
Thursday,18,11,6
Thursday,18,12,4
Thursday,18,13,3
Thursday,18,14,7
Thursday,18,15,4
Thursday,18,16,4
Thursday,18,17,6
Thursday,18,18,8
Thursday,18,19,8
Thursday,18,20,5
Thursday,18,21,3
Thursday,18,22,4
Thursday,18,23,5
Thursday,18,24,9
Thursday,18,25,8
Thursday,18,26,9
Thursday,18,27,15
Thursday,18,28,4
Thursday,18,29,11
Thursday,18,30,6
Thursday,18,31,5
Thursday,18,32,11
Thursday,18,33,8
Thursday,18,34,6
Thursday,18,35,11
Thursday,18,36,4
Thursday,18,37,4
Thursday,18,38,9
Thursday,18,39,4
Thursday,18,40,9
Thursday,18,41,11
Thursday,18,42,6
Thursday,18,43,5
Thursday,18,44,7
Thursday,18,45,15
Thursday,18,46,4
Thursday,18,47,10
Thursday,18,48,16
Thursday,18,49,12
Thursday,18,50,11
Thursday,18,51,9
Thursday,18,52,7
Thursday,18,53,11
Thursday,18,54,12
Thursday,18,55,8
Thursday,18,56,10
Thursday,18,57,10
Thursday,18,58,9
Thursday,18,59,6
Thursday,19,0,20
Thursday,19,1,13
Thursday,19,2,13
Thursday,19,3,14
Thursday,19,4,12
Thursday,19,5,10
Thursday,19,6,7
Thursday,19,7,11
Thursday,19,8,8
Thursday,19,9,6
Thursday,19,10,6
Thursday,19,11,8
Thursday,19,12,10
Thursday,19,13,15
Thursday,19,14,14
Thursday,19,15,14
Thursday,19,16,11
Thursday,19,17,9
Thursday,19,18,13
Thursday,19,19,8
Thursday,19,20,10
Thursday,19,21,9
Thursday,19,22,8
Thursday,19,23,5
Thursday,19,24,6
Thursday,19,25,7
Thursday,19,26,10
Thursday,19,27,4
Thursday,19,28,15
Thursday,19,29,14
Thursday,19,30,13
Thursday,19,31,9
Thursday,19,32,8
Thursday,19,33,8
Thursday,19,34,10
Thursday,19,35,7
Thursday,19,36,10
Thursday,19,37,7
Thursday,19,38,12
Thursday,19,39,8
Thursday,19,40,5
Thursday,19,41,8
Thursday,19,42,8
Thursday,19,43,13
Thursday,19,44,7
Thursday,19,45,20
Thursday,19,46,10
Thursday,19,47,14
Thursday,19,48,14
Thursday,19,49,8
Thursday,19,50,12
Thursday,19,51,10
Thursday,19,52,8
Thursday,19,53,3
Thursday,19,54,6
Thursday,19,55,11
Thursday,19,56,11
Thursday,19,57,6
Thursday,19,58,9
Thursday,19,59,5
Thursday,20,0,7
Thursday,20,1,2
Thursday,20,2,6
Thursday,20,3,3
Thursday,20,4,1
Thursday,20,5,4
Thursday,20,6,6
Thursday,20,7,8
Thursday,20,8,4
Thursday,20,9,3
Thursday,20,10,5
Thursday,20,11,4
Thursday,20,12,4
Thursday,20,13,5
Thursday,20,14,4
Thursday,20,15,3
Thursday,20,16,6
Thursday,20,17,6
Thursday,20,18,4
Thursday,20,19,7
Thursday,20,20,2
Thursday,20,21,7
Thursday,20,22,3
Thursday,20,23,6
Thursday,20,24,6
Thursday,20,25,3
Thursday,20,26,2
Thursday,20,27,3
Thursday,20,28,3
Thursday,20,29,6
Thursday,20,30,7
Thursday,20,31,8
Thursday,20,32,4
Thursday,20,33,3
Thursday,20,34,5
Thursday,20,35,5
Thursday,20,36,3
Thursday,20,37,4
Thursday,20,38,2
Thursday,20,39,10
Thursday,20,40,3
Thursday,20,41,3
Thursday,20,42,1
Thursday,20,43,2
Thursday,20,44,5
Thursday,20,45,9
Thursday,20,46,3
Thursday,20,47,8
Thursday,20,48,7
Thursday,20,49,8
Thursday,20,50,3
Thursday,20,51,11
Thursday,20,52,7
Thursday,20,53,13
Thursday,20,54,11
Thursday,20,55,6
Thursday,20,56,11
Thursday,20,57,17
Thursday,20,58,10
Thursday,20,59,11
Thursday,21,0,10
Thursday,21,1,8
Thursday,21,2,3
Thursday,21,3,6
Thursday,21,4,7
Thursday,21,5,9
Thursday,21,6,8
Thursday,21,7,6
Thursday,21,8,10
Thursday,21,9,8
Thursday,21,10,6
Thursday,21,11,6
Thursday,21,12,7
Thursday,21,13,6
Thursday,21,14,6
Thursday,21,15,6
Thursday,21,16,4
Thursday,21,17,7
Thursday,21,18,1
Thursday,21,19,1
Thursday,21,20,5
Thursday,21,21,6
Thursday,21,22,1
Thursday,21,23,4
Thursday,21,24,3
Thursday,21,26,1
Thursday,21,27,2
Thursday,21,28,2
Thursday,21,29,9
Thursday,21,30,10
Thursday,21,31,6
Thursday,21,32,7
Thursday,21,33,7
Thursday,21,34,6
Thursday,21,35,8
Thursday,21,36,5
Thursday,21,37,3
Thursday,21,38,3
Thursday,21,39,2
Thursday,21,40,5
Thursday,21,41,1
Thursday,21,42,2
Thursday,21,43,3
Thursday,21,44,1
Thursday,21,45,3
Thursday,21,46,1
Thursday,21,47,1
Thursday,21,48,5
Thursday,21,49,2
Tuesday,7,2,2
Tuesday,7,3,1
Tuesday,7,5,1
Tuesday,7,6,2
Tuesday,7,7,3
Tuesday,7,8,2
Tuesday,7,9,2
Tuesday,7,10,7
Tuesday,7,11,5
Tuesday,7,12,5
Tuesday,7,13,4
Tuesday,7,14,12
Tuesday,7,15,10
Tuesday,7,16,5
Tuesday,7,17,9
Tuesday,7,18,5
Tuesday,7,19,3
Tuesday,7,20,7
Tuesday,7,21,7
Tuesday,7,22,6
Tuesday,7,23,8
Tuesday,7,24,4
Tuesday,7,25,7
Tuesday,7,26,6
Tuesday,7,27,7
Tuesday,7,28,8
Tuesday,7,29,5
Tuesday,7,30,9
Tuesday,7,31,8
Tuesday,7,32,9
Tuesday,7,33,4
Tuesday,7,34,2
Tuesday,7,35,5
Tuesday,7,36,6
Tuesday,7,37,5
Tuesday,7,38,5
Tuesday,7,39,1
Tuesday,7,40,2
Tuesday,7,41,6
Tuesday,7,42,5
Tuesday,7,43,8
Tuesday,7,44,8
Tuesday,7,45,7
Tuesday,7,46,5
Tuesday,7,47,8
Tuesday,7,48,9
Tuesday,7,49,2
Tuesday,7,50,11
Tuesday,7,51,7
Tuesday,7,52,4
Tuesday,7,53,4
Tuesday,7,54,6
Tuesday,7,55,8
Tuesday,7,56,10
Tuesday,7,57,7
Tuesday,7,58,7
Tuesday,7,59,7
Tuesday,8,0,3
Tuesday,8,1,6
Tuesday,8,2,10
Tuesday,8,3,7
Tuesday,8,4,12
Tuesday,8,5,10
Tuesday,8,6,12
Tuesday,8,7,4
Tuesday,8,8,12
Tuesday,8,9,12
Tuesday,8,10,6
Tuesday,8,11,7
Tuesday,8,12,8
Tuesday,8,13,5
Tuesday,8,14,3
Tuesday,8,15,7
Tuesday,8,16,3
Tuesday,8,17,7
Tuesday,8,18,6
Tuesday,8,19,11
Tuesday,8,20,8
Tuesday,8,21,12
Tuesday,8,22,8
Tuesday,8,23,7
Tuesday,8,24,12
Tuesday,8,25,8
Tuesday,8,26,8
Tuesday,8,27,11
Tuesday,8,28,13
Tuesday,8,29,9
Tuesday,8,30,5
Tuesday,8,31,6
Tuesday,8,32,9
Tuesday,8,33,9
Tuesday,8,34,8
Tuesday,8,35,5
Tuesday,8,36,6
Tuesday,8,37,11
Tuesday,8,38,9
Tuesday,8,39,13
Tuesday,8,40,7
Tuesday,8,41,10
Tuesday,8,42,10
Tuesday,8,43,5
Tuesday,8,44,7
Tuesday,8,45,7
Tuesday,8,46,4
Tuesday,8,47,7
Tuesday,8,48,8
Tuesday,8,49,5
Tuesday,8,50,7
Tuesday,8,51,7
Tuesday,8,52,5
Tuesday,8,53,5
Tuesday,8,54,6
Tuesday,8,55,7
Tuesday,8,56,8
Tuesday,8,57,9
Tuesday,8,58,4
Tuesday,8,59,7
Tuesday,9,0,5
Tuesday,9,1,4
Tuesday,9,2,5
Tuesday,9,3,6
Tuesday,9,4,5
Tuesday,9,5,7
Tuesday,9,6,5
Tuesday,9,7,1
Tuesday,9,8,6
Tuesday,9,9,5
Tuesday,9,10,3
Tuesday,9,11,3
Tuesday,9,12,5
Tuesday,9,13,1
Tuesday,9,14,7
Tuesday,9,15,7
Tuesday,9,16,5
Tuesday,9,17,8
Tuesday,9,18,9
Tuesday,9,19,9
Tuesday,9,20,3
Tuesday,9,21,2
Tuesday,9,22,8
Tuesday,9,23,5
Tuesday,9,24,4
Tuesday,9,25,3
Tuesday,9,26,3
Tuesday,9,27,8
Tuesday,9,28,2
Tuesday,9,29,2
Tuesday,9,30,5
Tuesday,9,31,3
Tuesday,9,32,3
Tuesday,9,33,2
Tuesday,9,34,1
Tuesday,9,35,3
Tuesday,9,36,3
Tuesday,9,37,3
Tuesday,9,38,5
Tuesday,9,39,5
Tuesday,9,40,5
Tuesday,9,41,10
Tuesday,9,42,8
Tuesday,9,43,6
Tuesday,9,44,2
Tuesday,9,45,6
Tuesday,9,46,3
Tuesday,9,47,4
Tuesday,9,48,2
Tuesday,9,49,1
Tuesday,9,50,3
Tuesday,9,51,5
Tuesday,9,52,4
Tuesday,9,53,1
Tuesday,9,54,4
Tuesday,9,55,5
Tuesday,9,56,5
Tuesday,9,57,4
Tuesday,9,58,2
Tuesday,9,59,3
Tuesday,10,0,3
Tuesday,10,1,3
Tuesday,10,2,2
Tuesday,10,3,5
Tuesday,10,4,2
Tuesday,10,5,1
Tuesday,10,6,2
Tuesday,10,7,5
Tuesday,10,8,4
Tuesday,10,9,6
Tuesday,10,10,1
Tuesday,10,11,6
Tuesday,10,12,2
Tuesday,10,13,3
Tuesday,10,14,4
Tuesday,10,15,5
Tuesday,10,16,10
Tuesday,10,17,5
Tuesday,10,18,2
Tuesday,10,19,2
Tuesday,10,20,3
Tuesday,10,21,5
Tuesday,10,22,7
Tuesday,10,23,9
Tuesday,10,24,5
Tuesday,10,25,3
Tuesday,10,26,4
Tuesday,10,27,6
Tuesday,10,29,10
Tuesday,10,30,7
Tuesday,10,31,7
Tuesday,10,32,9
Tuesday,10,33,5
Tuesday,10,34,5
Tuesday,10,35,14
Tuesday,10,36,5
Tuesday,10,37,3
Tuesday,10,38,6
Tuesday,10,39,4
Tuesday,10,40,6
Tuesday,10,41,6
Tuesday,10,42,5
Tuesday,10,43,1
Tuesday,10,44,8
Tuesday,10,45,2
Tuesday,10,46,3
Tuesday,10,47,2
Tuesday,10,48,3
Tuesday,10,49,1
Tuesday,10,50,5
Tuesday,10,51,2
Tuesday,10,52,1
Tuesday,10,53,4
Tuesday,10,54,6
Tuesday,10,55,3
Tuesday,10,56,3
Tuesday,10,57,6
Tuesday,10,58,4
Tuesday,10,59,6
Tuesday,11,0,4
Tuesday,11,1,6
Tuesday,11,2,8
Tuesday,11,3,7
Tuesday,11,4,4
Tuesday,11,5,6
Tuesday,11,6,2
Tuesday,11,7,3
Tuesday,11,8,5
Tuesday,11,9,2
Tuesday,11,11,1
Tuesday,11,12,1
Tuesday,11,13,3
Tuesday,11,14,1
Tuesday,11,15,2
Tuesday,11,18,2
Tuesday,11,19,3
Tuesday,11,20,2
Tuesday,11,21,3
Tuesday,11,22,1
Tuesday,11,23,2
Tuesday,11,24,2
Tuesday,11,25,1
Tuesday,11,26,2
Tuesday,11,27,2
Tuesday,11,28,1
Tuesday,11,29,2
Tuesday,11,30,2
Tuesday,11,32,2
Tuesday,11,33,4
Tuesday,11,34,1
Tuesday,11,35,3
Tuesday,11,37,3
Tuesday,11,38,6
Tuesday,11,39,4
Tuesday,11,40,2
Tuesday,11,41,3
Tuesday,11,42,2
Tuesday,11,44,1
Tuesday,11,46,2
Tuesday,11,47,1
Tuesday,11,49,2
Tuesday,11,50,2
Tuesday,11,51,2
Tuesday,11,52,4
Tuesday,11,54,3
Tuesday,11,55,1
Tuesday,11,57,2
Tuesday,11,58,1
Tuesday,11,59,2
Tuesday,12,0,5
Tuesday,12,1,2
Tuesday,12,2,4
Tuesday,12,3,2
Tuesday,12,4,5
Tuesday,12,5,4
Tuesday,12,7,2
Tuesday,12,8,6
Tuesday,12,9,4
Tuesday,12,10,1
Tuesday,12,11,5
Tuesday,12,12,7
Tuesday,12,13,6
Tuesday,12,14,4
Tuesday,12,15,5
Tuesday,12,16,4
Tuesday,12,17,4
Tuesday,12,18,3
Tuesday,12,19,3
Tuesday,12,20,2
Tuesday,12,21,4
Tuesday,12,22,2
Tuesday,12,24,6
Tuesday,12,25,3
Tuesday,12,26,3
Tuesday,12,27,1
Tuesday,12,28,3
Tuesday,12,29,2
Tuesday,12,30,5
Tuesday,12,31,2
Tuesday,12,32,1
Tuesday,12,33,1
Tuesday,12,36,4
Tuesday,12,37,2
Tuesday,12,38,3
Tuesday,12,39,2
Tuesday,12,40,4
Tuesday,12,42,4
Tuesday,12,43,4
Tuesday,12,44,5
Tuesday,12,45,3
Tuesday,12,46,5
Tuesday,12,47,6
Tuesday,12,48,3
Tuesday,12,49,4
Tuesday,12,50,5
Tuesday,12,51,1
Tuesday,12,52,4
Tuesday,12,53,2
Tuesday,12,54,4
Tuesday,12,55,6
Tuesday,12,56,5
Tuesday,12,57,6
Tuesday,12,58,1
Tuesday,12,59,5
Tuesday,13,0,3
Tuesday,13,1,2
Tuesday,13,2,5
Tuesday,13,3,1
Tuesday,13,4,2
Tuesday,13,5,6
Tuesday,13,6,5
Tuesday,13,7,9
Tuesday,13,8,6
Tuesday,13,9,13
Tuesday,13,10,11
Tuesday,13,11,7
Tuesday,13,12,7
Tuesday,13,13,4
Tuesday,13,14,12
Tuesday,13,15,9
Tuesday,13,16,7
Tuesday,13,17,7
Tuesday,13,18,6
Tuesday,13,19,5
Tuesday,13,20,10
Tuesday,13,21,12
Tuesday,13,22,12
Tuesday,13,23,7
Tuesday,13,24,11
Tuesday,13,25,13
Tuesday,13,26,8
Tuesday,13,27,7
Tuesday,13,28,5
Tuesday,13,29,7
Tuesday,13,30,6
Tuesday,13,31,2
Tuesday,13,32,5
Tuesday,13,33,2
Tuesday,13,34,1
Tuesday,13,35,4
Tuesday,13,36,1
Tuesday,13,37,11
Tuesday,13,38,5
Tuesday,13,39,3
Tuesday,13,40,5
Tuesday,13,42,1
Tuesday,13,43,4
Tuesday,13,44,2
Tuesday,13,45,3
Tuesday,13,46,2
Tuesday,13,47,2
Tuesday,13,48,4
Tuesday,13,49,3
Tuesday,13,50,2
Tuesday,13,51,6
Tuesday,13,52,4
Tuesday,13,53,1
Tuesday,13,54,7
Tuesday,13,55,5
Tuesday,13,56,6
Tuesday,13,57,7
Tuesday,13,58,1
Tuesday,13,59,6
Tuesday,14,0,7
Tuesday,14,1,9
Tuesday,14,2,6
Tuesday,14,3,3
Tuesday,14,4,1
Tuesday,14,5,1
Tuesday,14,6,5
Tuesday,14,7,4
Tuesday,14,8,1
Tuesday,14,9,5
Tuesday,14,10,2
Tuesday,14,11,2
Tuesday,14,12,4
Tuesday,14,13,5
Tuesday,14,14,4
Tuesday,14,15,6
Tuesday,14,16,8
Tuesday,14,17,7
Tuesday,14,18,5
Tuesday,14,19,5
Tuesday,14,20,9
Tuesday,14,21,5
Tuesday,14,22,9
Tuesday,14,23,7
Tuesday,14,24,10
Tuesday,14,25,7
Tuesday,14,26,4
Tuesday,14,27,4
Tuesday,14,28,2
Tuesday,14,29,6
Tuesday,14,30,5
Tuesday,14,31,6
Tuesday,14,32,7
Tuesday,14,33,7
Tuesday,14,34,7
Tuesday,14,35,7
Tuesday,14,36,6
Tuesday,14,37,10
Tuesday,14,38,9
Tuesday,14,39,10
Tuesday,14,40,7
Tuesday,14,41,5
Tuesday,14,42,5
Tuesday,14,43,9
Tuesday,14,44,5
Tuesday,14,45,11
Tuesday,14,46,14
Tuesday,14,47,8
Tuesday,14,48,8
Tuesday,14,49,3
Tuesday,14,50,4
Tuesday,14,51,9
Tuesday,14,52,11
Tuesday,14,53,4
Tuesday,14,54,3
Tuesday,14,55,3
Tuesday,14,56,3
Tuesday,14,57,1
Tuesday,14,59,3
Tuesday,15,0,3
Tuesday,15,1,3
Tuesday,15,3,3
Tuesday,15,4,4
Tuesday,15,6,5
Tuesday,15,7,4
Tuesday,15,8,5
Tuesday,15,9,3
Tuesday,15,10,6
Tuesday,15,11,5
Tuesday,15,12,5
Tuesday,15,13,2
Tuesday,15,14,4
Tuesday,15,15,5
Tuesday,15,16,6
Tuesday,15,17,4
Tuesday,15,18,6
Tuesday,15,19,10
Tuesday,15,20,9
Tuesday,15,21,5
Tuesday,15,22,6
Tuesday,15,23,8
Tuesday,15,24,4
Tuesday,15,25,1
Tuesday,15,26,4
Tuesday,15,27,2
Tuesday,15,28,4
Tuesday,15,29,3
Tuesday,15,30,3
Tuesday,15,31,3
Tuesday,15,32,2
Tuesday,15,33,1
Tuesday,15,34,4
Tuesday,15,35,1
Tuesday,15,36,4
Tuesday,15,37,2
Tuesday,15,39,2
Tuesday,15,40,1
Tuesday,15,41,2
Tuesday,15,42,2
Tuesday,15,43,2
Tuesday,15,44,1
Tuesday,15,45,1
Tuesday,15,46,4
Tuesday,15,47,1
Tuesday,15,48,3
Tuesday,15,49,4
Tuesday,15,50,6
Tuesday,15,51,2
Tuesday,15,52,7
Tuesday,15,53,3
Tuesday,15,54,7
Tuesday,15,55,5
Tuesday,15,56,4
Tuesday,15,57,4
Tuesday,15,58,7
Tuesday,15,59,6
Tuesday,16,0,3
Tuesday,16,1,2
Tuesday,16,2,3
Tuesday,16,3,7
Tuesday,16,4,12
Tuesday,16,5,9
Tuesday,16,6,7
Tuesday,16,7,5
Tuesday,16,8,5
Tuesday,16,9,4
Tuesday,16,10,4
Tuesday,16,11,5
Tuesday,16,12,10
Tuesday,16,13,11
Tuesday,16,14,9
Tuesday,16,15,9
Tuesday,16,16,5
Tuesday,16,17,10
Tuesday,16,18,6
Tuesday,16,19,9
Tuesday,16,20,10
Tuesday,16,21,8
Tuesday,16,22,8
Tuesday,16,23,6
Tuesday,16,24,6
Tuesday,16,25,5
Tuesday,16,26,4
Tuesday,16,27,6
Tuesday,16,28,4
Tuesday,16,29,10
Tuesday,16,30,4
Tuesday,16,31,9
Tuesday,16,32,6
Tuesday,16,33,9
Tuesday,16,34,7
Tuesday,16,35,5
Tuesday,16,36,7
Tuesday,16,37,5
Tuesday,16,38,6
Tuesday,16,39,6
Tuesday,16,40,5
Tuesday,16,41,8
Tuesday,16,42,8
Tuesday,16,43,10
Tuesday,16,44,9
Tuesday,16,45,12
Tuesday,16,46,3
Tuesday,16,47,7
Tuesday,16,48,4
Tuesday,16,49,5
Tuesday,16,50,12
Tuesday,16,51,8
Tuesday,16,52,9
Tuesday,16,53,9
Tuesday,16,54,5
Tuesday,16,55,5
Tuesday,16,56,7
Tuesday,16,57,5
Tuesday,16,58,5
Tuesday,16,59,3
Tuesday,17,0,4
Tuesday,17,1,4
Tuesday,17,2,5
Tuesday,17,3,6
Tuesday,17,4,4
Tuesday,17,5,4
Tuesday,17,6,6
Tuesday,17,7,8
Tuesday,17,8,5
Tuesday,17,9,8
Tuesday,17,10,7
Tuesday,17,11,6
Tuesday,17,12,6
Tuesday,17,13,10
Tuesday,17,14,6
Tuesday,17,15,8
Tuesday,17,16,11
Tuesday,17,17,6
Tuesday,17,18,8
Tuesday,17,19,5
Tuesday,17,20,2
Tuesday,17,21,3
Tuesday,17,22,3
Tuesday,17,23,2
Tuesday,17,24,3
Tuesday,17,25,5
Tuesday,17,26,2
Tuesday,17,27,1
Tuesday,17,28,6
Tuesday,17,29,2
Tuesday,17,30,5
Tuesday,17,31,7
Tuesday,17,32,2
Tuesday,17,33,5
Tuesday,17,34,4
Tuesday,17,35,2
Tuesday,17,36,4
Tuesday,17,37,2
Tuesday,17,38,4
Tuesday,17,39,4
Tuesday,17,40,6
Tuesday,17,41,10
Tuesday,17,42,8
Tuesday,17,43,8
Tuesday,17,44,11
Tuesday,17,45,8
Tuesday,17,46,8
Tuesday,17,47,10
Tuesday,17,48,7
Tuesday,17,49,11
Tuesday,17,50,7
Tuesday,17,51,4
Tuesday,17,52,14
Tuesday,17,53,9
Tuesday,17,54,11
Tuesday,17,55,5
Tuesday,17,56,3
Tuesday,17,57,10
Tuesday,17,58,10
Tuesday,17,59,11
Tuesday,18,0,6
Tuesday,18,1,8
Tuesday,18,2,3
Tuesday,18,3,6
Tuesday,18,4,8
Tuesday,18,5,10
Tuesday,18,6,7
Tuesday,18,7,5
Tuesday,18,8,10
Tuesday,18,9,7
Tuesday,18,10,1
Tuesday,18,11,8
Tuesday,18,12,9
Tuesday,18,13,8
Tuesday,18,14,6
Tuesday,18,15,3
Tuesday,18,16,5
Tuesday,18,17,5
Tuesday,18,18,5
Tuesday,18,19,7
Tuesday,18,20,7
Tuesday,18,21,9
Tuesday,18,22,5
Tuesday,18,23,6
Tuesday,18,24,6
Tuesday,18,25,3
Tuesday,18,26,4
Tuesday,18,27,9
Tuesday,18,28,9
Tuesday,18,29,4
Tuesday,18,30,9
Tuesday,18,31,10
Tuesday,18,32,15
Tuesday,18,33,9
Tuesday,18,34,13
Tuesday,18,35,11
Tuesday,18,36,10
Tuesday,18,37,8
Tuesday,18,38,8
Tuesday,18,39,12
Tuesday,18,40,10
Tuesday,18,41,7
Tuesday,18,42,10
Tuesday,18,43,9
Tuesday,18,44,7
Tuesday,18,45,5
Tuesday,18,46,3
Tuesday,18,47,7
Tuesday,18,48,6
Tuesday,18,49,10
Tuesday,18,50,12
Tuesday,18,51,12
Tuesday,18,52,9
Tuesday,18,53,3
Tuesday,18,54,7
Tuesday,18,55,4
Tuesday,18,56,5
Tuesday,18,57,6
Tuesday,18,58,11
Tuesday,18,59,7
Tuesday,19,0,6
Tuesday,19,1,4
Tuesday,19,2,4
Tuesday,19,3,5
Tuesday,19,4,3
Tuesday,19,5,8
Tuesday,19,6,9
Tuesday,19,7,8
Tuesday,19,8,12
Tuesday,19,9,10
Tuesday,19,10,13
Tuesday,19,11,7
Tuesday,19,12,5
Tuesday,19,13,6
Tuesday,19,14,4
Tuesday,19,15,10
Tuesday,19,16,8
Tuesday,19,17,11
Tuesday,19,18,8
Tuesday,19,19,9
Tuesday,19,20,13
Tuesday,19,21,9
Tuesday,19,22,8
Tuesday,19,23,11
Tuesday,19,24,6
Tuesday,19,25,3
Tuesday,19,26,8
Tuesday,19,27,6
Tuesday,19,28,2
Tuesday,19,29,6
Tuesday,19,30,10
Tuesday,19,31,10
Tuesday,19,32,9
Tuesday,19,33,8
Tuesday,19,34,9
Tuesday,19,35,7
Tuesday,19,36,6
Tuesday,19,37,7
Tuesday,19,38,12
Tuesday,19,39,9
Tuesday,19,40,5
Tuesday,19,41,4
Tuesday,19,42,8
Tuesday,19,43,3
Tuesday,19,44,4
Tuesday,19,45,6
Tuesday,19,46,9
Tuesday,19,47,4
Tuesday,19,48,1
Tuesday,19,49,7
Tuesday,19,50,9
Tuesday,19,51,11
Tuesday,19,52,4
Tuesday,19,53,6
Tuesday,19,54,3
Tuesday,19,55,6
Tuesday,19,56,5
Tuesday,19,57,8
Tuesday,19,58,12
Tuesday,19,59,13
Tuesday,20,0,9
Tuesday,20,1,4
Tuesday,20,2,5
Tuesday,20,3,6
Tuesday,20,4,5
Tuesday,20,5,4
Tuesday,20,6,3
Tuesday,20,7,15
Tuesday,20,8,10
Tuesday,20,9,9
Tuesday,20,10,12
Tuesday,20,11,8
Tuesday,20,12,8
Tuesday,20,13,8
Tuesday,20,14,5
Tuesday,20,15,8
Tuesday,20,16,6
Tuesday,20,17,6
Tuesday,20,18,7
Tuesday,20,19,5
Tuesday,20,20,11
Tuesday,20,21,5
Tuesday,20,22,3
Tuesday,20,23,3
Tuesday,20,24,1
Tuesday,20,25,6
Tuesday,20,26,4
Tuesday,20,27,7
Tuesday,20,28,5
Tuesday,20,29,2
Tuesday,20,30,1
Tuesday,20,31,5
Tuesday,20,32,9
Tuesday,20,33,9
Tuesday,20,34,8
Tuesday,20,35,9
Tuesday,20,36,8
Tuesday,20,37,8
Tuesday,20,38,4
Tuesday,20,39,5
Tuesday,20,40,5
Tuesday,20,41,5
Tuesday,20,42,5
Tuesday,20,43,2
Tuesday,20,44,3
Tuesday,20,46,1
Tuesday,20,48,2
Tuesday,20,49,4
Tuesday,20,50,2
Tuesday,20,51,9
Tuesday,20,52,3
Tuesday,20,53,2
Tuesday,20,54,4
Tuesday,20,55,1
Tuesday,20,56,3
Tuesday,20,57,2
Tuesday,20,58,7
Tuesday,20,59,4
Tuesday,21,0,4
Tuesday,21,1,2
Tuesday,21,2,5
Tuesday,21,3,1
Tuesday,21,4,5
Tuesday,21,5,1
Tuesday,21,6,4
Tuesday,21,7,1
Tuesday,21,8,5
Tuesday,21,9,5
Tuesday,21,11,1
Tuesday,21,12,3
Tuesday,21,14,4
Tuesday,21,15,7
Tuesday,21,16,5
Tuesday,21,17,8
Tuesday,21,18,5
Tuesday,21,19,9
Tuesday,21,20,4
Tuesday,21,21,4
Tuesday,21,22,6
Tuesday,21,23,5
Tuesday,21,24,10
Tuesday,21,25,6
Tuesday,21,26,4
Tuesday,21,27,4
Tuesday,21,28,7
Tuesday,21,29,11
Tuesday,21,30,1
Tuesday,21,31,7
Tuesday,21,32,3
Tuesday,21,33,4
Tuesday,21,34,6
Tuesday,21,35,5
Tuesday,21,36,3
Tuesday,21,37,1
Tuesday,21,39,2
Tuesday,21,40,3
Tuesday,21,41,5
Tuesday,21,42,3
Tuesday,21,43,4
Tuesday,21,44,2
Tuesday,21,46,4
Tuesday,21,47,2
Tuesday,21,48,1
Tuesday,21,49,1
Tuesday,21,50,1
Wednesday,7,0,6
Wednesday,7,1,3
Wednesday,7,2,2
Wednesday,7,3,9
Wednesday,7,4,3
Wednesday,7,5,2
Wednesday,7,6,6
Wednesday,7,8,4
Wednesday,7,9,3
Wednesday,7,10,3
Wednesday,7,11,2
Wednesday,7,12,4
Wednesday,7,13,5
Wednesday,7,14,5
Wednesday,7,15,5
Wednesday,7,16,8
Wednesday,7,17,5
Wednesday,7,18,5
Wednesday,7,19,6
Wednesday,7,20,15
Wednesday,7,21,7
Wednesday,7,22,5
Wednesday,7,23,3
Wednesday,7,24,5
Wednesday,7,25,5
Wednesday,7,26,7
Wednesday,7,27,8
Wednesday,7,28,7
Wednesday,7,29,6
Wednesday,7,30,3
Wednesday,7,31,4
Wednesday,7,32,5
Wednesday,7,33,5
Wednesday,7,34,5
Wednesday,7,35,3
Wednesday,7,36,4
Wednesday,7,37,3
Wednesday,7,38,7
Wednesday,7,39,4
Wednesday,7,40,6
Wednesday,7,41,5
Wednesday,7,42,6
Wednesday,7,43,1
Wednesday,7,44,2
Wednesday,7,45,5
Wednesday,7,46,7
Wednesday,7,47,6
Wednesday,7,48,6
Wednesday,7,49,7
Wednesday,7,50,5
Wednesday,7,51,3
Wednesday,7,52,3
Wednesday,7,53,5
Wednesday,7,54,1
Wednesday,7,55,3
Wednesday,7,56,5
Wednesday,7,57,4
Wednesday,7,59,2
Wednesday,8,0,5
Wednesday,8,1,8
Wednesday,8,2,4
Wednesday,8,3,3
Wednesday,8,4,9
Wednesday,8,5,7
Wednesday,8,6,11
Wednesday,8,7,10
Wednesday,8,8,11
Wednesday,8,9,5
Wednesday,8,10,10
Wednesday,8,11,6
Wednesday,8,12,7
Wednesday,8,13,11
Wednesday,8,14,5
Wednesday,8,15,4
Wednesday,8,16,8
Wednesday,8,17,8
Wednesday,8,18,6
Wednesday,8,19,6
Wednesday,8,20,5
Wednesday,8,21,6
Wednesday,8,22,6
Wednesday,8,23,8
Wednesday,8,24,10
Wednesday,8,25,9
Wednesday,8,26,17
Wednesday,8,27,13
Wednesday,8,28,11
Wednesday,8,29,17
Wednesday,8,30,6
Wednesday,8,31,6
Wednesday,8,32,7
Wednesday,8,33,11
Wednesday,8,34,8
Wednesday,8,35,10
Wednesday,8,36,9
Wednesday,8,37,9
Wednesday,8,38,8
Wednesday,8,39,10
Wednesday,8,40,9
Wednesday,8,41,14
Wednesday,8,42,8
Wednesday,8,43,7
Wednesday,8,44,10
Wednesday,8,45,11
Wednesday,8,46,11
Wednesday,8,47,8
Wednesday,8,48,9
Wednesday,8,49,12
Wednesday,8,50,15
Wednesday,8,51,13
Wednesday,8,52,10
Wednesday,8,53,17
Wednesday,8,54,11
Wednesday,8,55,13
Wednesday,8,56,10
Wednesday,8,57,7
Wednesday,8,58,12
Wednesday,8,59,10
Wednesday,9,0,3
Wednesday,9,1,8
Wednesday,9,2,4
Wednesday,9,3,4
Wednesday,9,4,9
Wednesday,9,5,6
Wednesday,9,6,10
Wednesday,9,7,5
Wednesday,9,8,5
Wednesday,9,9,7
Wednesday,9,10,11
Wednesday,9,11,16
Wednesday,9,12,5
Wednesday,9,13,9
Wednesday,9,14,9
Wednesday,9,15,4
Wednesday,9,16,12
Wednesday,9,17,3
Wednesday,9,19,12
Wednesday,9,20,8
Wednesday,9,21,2
Wednesday,9,22,2
Wednesday,9,23,6
Wednesday,9,24,7
Wednesday,9,25,7
Wednesday,9,26,11
Wednesday,9,27,9
Wednesday,9,28,10
Wednesday,9,29,5
Wednesday,9,30,7
Wednesday,9,31,5
Wednesday,9,32,2
Wednesday,9,33,6
Wednesday,9,35,2
Wednesday,9,36,8
Wednesday,9,37,5
Wednesday,9,38,6
Wednesday,9,39,8
Wednesday,9,40,4
Wednesday,9,41,6
Wednesday,9,42,6
Wednesday,9,43,4
Wednesday,9,44,4
Wednesday,9,45,5
Wednesday,9,46,5
Wednesday,9,47,1
Wednesday,9,48,8
Wednesday,9,49,3
Wednesday,9,50,3
Wednesday,9,51,7
Wednesday,9,52,4
Wednesday,9,53,5
Wednesday,9,54,8
Wednesday,9,55,4
Wednesday,9,56,7
Wednesday,9,57,11
Wednesday,9,58,9
Wednesday,9,59,11
Wednesday,10,0,5
Wednesday,10,1,13
Wednesday,10,2,9
Wednesday,10,3,10
Wednesday,10,4,4
Wednesday,10,5,13
Wednesday,10,6,8
Wednesday,10,7,9
Wednesday,10,8,5
Wednesday,10,9,5
Wednesday,10,10,8
Wednesday,10,11,5
Wednesday,10,12,2
Wednesday,10,13,3
Wednesday,10,14,5
Wednesday,10,15,5
Wednesday,10,16,4
Wednesday,10,17,5
Wednesday,10,18,6
Wednesday,10,19,5
Wednesday,10,20,5
Wednesday,10,21,7
Wednesday,10,22,5
Wednesday,10,23,8
Wednesday,10,24,7
Wednesday,10,25,2
Wednesday,10,26,11
Wednesday,10,27,10
Wednesday,10,28,9
Wednesday,10,29,6
Wednesday,10,30,4
Wednesday,10,31,8
Wednesday,10,32,6
Wednesday,10,33,2
Wednesday,10,34,4
Wednesday,10,35,6
Wednesday,10,36,3
Wednesday,10,37,3
Wednesday,10,39,3
Wednesday,10,40,2
Wednesday,10,41,1
Wednesday,10,42,3
Wednesday,10,44,1
Wednesday,10,45,1
Wednesday,10,46,1
Wednesday,10,48,2
Wednesday,10,49,1
Wednesday,10,50,2
Wednesday,10,51,2
Wednesday,10,53,2
Wednesday,10,54,5
Wednesday,10,55,2
Wednesday,10,56,4
Wednesday,10,57,4
Wednesday,10,58,8
Wednesday,10,59,4
Wednesday,11,0,4
Wednesday,11,1,10
Wednesday,11,2,4
Wednesday,11,3,4
Wednesday,11,4,2
Wednesday,11,5,7
Wednesday,11,6,5
Wednesday,11,7,8
Wednesday,11,8,2
Wednesday,11,9,7
Wednesday,11,10,5
Wednesday,11,11,11
Wednesday,11,12,7
Wednesday,11,13,6
Wednesday,11,14,2
Wednesday,11,15,5
Wednesday,11,16,6
Wednesday,11,17,5
Wednesday,11,18,4
Wednesday,11,19,3
Wednesday,11,20,5
Wednesday,11,22,5
Wednesday,11,23,5
Wednesday,11,24,1
Wednesday,11,25,5
Wednesday,11,26,2
Wednesday,11,27,8
Wednesday,11,28,4
Wednesday,11,29,3
Wednesday,11,30,6
Wednesday,11,31,4
Wednesday,11,32,2
Wednesday,11,33,8
Wednesday,11,34,4
Wednesday,11,35,1
Wednesday,11,36,1
Wednesday,11,37,3
Wednesday,11,38,7
Wednesday,11,39,5
Wednesday,11,40,6
Wednesday,11,41,6
Wednesday,11,42,3
Wednesday,11,43,9
Wednesday,11,44,4
Wednesday,11,45,1
Wednesday,11,46,4
Wednesday,11,47,6
Wednesday,11,48,7
Wednesday,11,49,7
Wednesday,11,50,9
Wednesday,11,51,1
Wednesday,11,52,7
Wednesday,11,53,10
Wednesday,11,54,8
Wednesday,11,55,3
Wednesday,11,56,3
Wednesday,11,57,5
Wednesday,11,59,2
Wednesday,12,0,1
Wednesday,12,1,1
Wednesday,12,2,9
Wednesday,12,3,5
Wednesday,12,4,9
Wednesday,12,5,8
Wednesday,12,6,11
Wednesday,12,7,6
Wednesday,12,8,9
Wednesday,12,9,3
Wednesday,12,10,3
Wednesday,12,11,3
Wednesday,12,12,4
Wednesday,12,13,7
Wednesday,12,14,5
Wednesday,12,15,6
Wednesday,12,16,3
Wednesday,12,17,4
Wednesday,12,18,3
Wednesday,12,19,5
Wednesday,12,20,4
Wednesday,12,21,7
Wednesday,12,22,7
Wednesday,12,23,3
Wednesday,12,24,1
Wednesday,12,25,4
Wednesday,12,26,9
Wednesday,12,27,9
Wednesday,12,28,4
Wednesday,12,29,2
Wednesday,12,30,5
Wednesday,12,31,6
Wednesday,12,33,2
Wednesday,12,34,1
Wednesday,12,35,2
Wednesday,12,36,1
Wednesday,12,37,6
Wednesday,12,38,5
Wednesday,12,39,8
Wednesday,12,40,4
Wednesday,12,41,7
Wednesday,12,42,8
Wednesday,12,43,10
Wednesday,12,44,2
Wednesday,12,45,5
Wednesday,12,46,2
Wednesday,12,47,2
Wednesday,12,48,4
Wednesday,12,49,3
Wednesday,12,50,8
Wednesday,12,52,6
Wednesday,12,53,3
Wednesday,12,54,1
Wednesday,12,55,2
Wednesday,12,56,4
Wednesday,12,57,5
Wednesday,12,58,4
Wednesday,13,0,4
Wednesday,13,1,2
Wednesday,13,2,4
Wednesday,13,4,2
Wednesday,13,5,1
Wednesday,13,6,2
Wednesday,13,7,6
Wednesday,13,8,2
Wednesday,13,9,2
Wednesday,13,10,12
Wednesday,13,11,8
Wednesday,13,12,11
Wednesday,13,13,6
Wednesday,13,14,7
Wednesday,13,15,6
Wednesday,13,16,6
Wednesday,13,17,6
Wednesday,13,18,9
Wednesday,13,19,2
Wednesday,13,20,12
Wednesday,13,21,10
Wednesday,13,22,6
Wednesday,13,23,7
Wednesday,13,24,5
Wednesday,13,25,10
Wednesday,13,26,7
Wednesday,13,27,4
Wednesday,13,28,5
Wednesday,13,29,4
Wednesday,13,30,8
Wednesday,13,31,10
Wednesday,13,32,4
Wednesday,13,33,3
Wednesday,13,34,8
Wednesday,13,35,6
Wednesday,13,36,4
Wednesday,13,37,6
Wednesday,13,38,9
Wednesday,13,39,4
Wednesday,13,40,5
Wednesday,13,41,5
Wednesday,13,42,7
Wednesday,13,43,5
Wednesday,13,44,4
Wednesday,13,45,7
Wednesday,13,46,7
Wednesday,13,47,5
Wednesday,13,48,7
Wednesday,13,49,7
Wednesday,13,50,1
Wednesday,13,51,8
Wednesday,13,52,8
Wednesday,13,53,5
Wednesday,13,54,5
Wednesday,13,55,13
Wednesday,13,56,7
Wednesday,13,57,9
Wednesday,13,58,7
Wednesday,13,59,6
Wednesday,14,0,10
Wednesday,14,1,5
Wednesday,14,2,9
Wednesday,14,3,8
Wednesday,14,4,6
Wednesday,14,5,8
Wednesday,14,6,8
Wednesday,14,7,8
Wednesday,14,8,8
Wednesday,14,9,6
Wednesday,14,10,7
Wednesday,14,11,6
Wednesday,14,12,4
Wednesday,14,13,11
Wednesday,14,14,6
Wednesday,14,15,3
Wednesday,14,17,4
Wednesday,14,18,1
Wednesday,14,19,5
Wednesday,14,20,5
Wednesday,14,21,6
Wednesday,14,22,4
Wednesday,14,23,4
Wednesday,14,24,1
Wednesday,14,25,1
Wednesday,14,26,3
Wednesday,14,27,6
Wednesday,14,28,6
Wednesday,14,29,8
Wednesday,14,30,10
Wednesday,14,31,5
Wednesday,14,32,4
Wednesday,14,33,3
Wednesday,14,34,5
Wednesday,14,35,3
Wednesday,14,36,3
Wednesday,14,37,4
Wednesday,14,38,11
Wednesday,14,39,6
Wednesday,14,40,6
Wednesday,14,41,11
Wednesday,14,42,8
Wednesday,14,43,1
Wednesday,14,44,10
Wednesday,14,45,7
Wednesday,14,46,9
Wednesday,14,47,2
Wednesday,14,48,7
Wednesday,14,49,3
Wednesday,14,50,9
Wednesday,14,51,8
Wednesday,14,52,7
Wednesday,14,53,8
Wednesday,14,54,2
Wednesday,14,55,5
Wednesday,14,56,4
Wednesday,14,57,5
Wednesday,14,58,2
Wednesday,14,59,9
Wednesday,15,0,5
Wednesday,15,1,5
Wednesday,15,2,4
Wednesday,15,3,5
Wednesday,15,4,3
Wednesday,15,5,7
Wednesday,15,6,2
Wednesday,15,7,6
Wednesday,15,8,1
Wednesday,15,9,6
Wednesday,15,10,6
Wednesday,15,11,7
Wednesday,15,12,1
Wednesday,15,13,4
Wednesday,15,14,2
Wednesday,15,15,4
Wednesday,15,16,2
Wednesday,15,17,4
Wednesday,15,18,4
Wednesday,15,19,7
Wednesday,15,20,3
Wednesday,15,21,2
Wednesday,15,22,1
Wednesday,15,23,3
Wednesday,15,25,1
Wednesday,15,27,3
Wednesday,15,28,2
Wednesday,15,29,3
Wednesday,15,30,2
Wednesday,15,31,2
Wednesday,15,32,5
Wednesday,15,33,2
Wednesday,15,34,5
Wednesday,15,35,4
Wednesday,15,36,2
Wednesday,15,37,4
Wednesday,15,38,4
Wednesday,15,39,5
Wednesday,15,40,6
Wednesday,15,41,8
Wednesday,15,42,10
Wednesday,15,43,6
Wednesday,15,44,7
Wednesday,15,45,5
Wednesday,15,46,8
Wednesday,15,47,5
Wednesday,15,48,4
Wednesday,15,49,2
Wednesday,15,50,3
Wednesday,15,51,6
Wednesday,15,52,7
Wednesday,15,53,2
Wednesday,15,54,5
Wednesday,15,55,7
Wednesday,15,56,5
Wednesday,15,57,5
Wednesday,15,58,5
Wednesday,15,59,2
Wednesday,16,0,5
Wednesday,16,1,8
Wednesday,16,2,7
Wednesday,16,3,11
Wednesday,16,4,9
Wednesday,16,5,5
Wednesday,16,6,5
Wednesday,16,7,4
Wednesday,16,8,6
Wednesday,16,9,9
Wednesday,16,10,8
Wednesday,16,11,5
Wednesday,16,12,10
Wednesday,16,13,8
Wednesday,16,14,5
Wednesday,16,15,5
Wednesday,16,16,5
Wednesday,16,17,4
Wednesday,16,18,3
Wednesday,16,19,4
Wednesday,16,20,2
Wednesday,16,21,1
Wednesday,16,22,3
Wednesday,16,23,2
Wednesday,16,25,3
Wednesday,16,26,5
Wednesday,16,27,5
Wednesday,16,28,3
Wednesday,16,29,1
Wednesday,16,30,3
Wednesday,16,31,4
Wednesday,16,32,7
Wednesday,16,33,6
Wednesday,16,34,4
Wednesday,16,35,4
Wednesday,16,36,12
Wednesday,16,37,10
Wednesday,16,38,10
Wednesday,16,39,7
Wednesday,16,40,3
Wednesday,16,41,3
Wednesday,16,42,5
Wednesday,16,43,5
Wednesday,16,44,4
Wednesday,16,45,2
Wednesday,16,46,2
Wednesday,16,47,2
Wednesday,16,48,4
Wednesday,16,49,3
Wednesday,16,50,4
Wednesday,16,51,5
Wednesday,16,52,6
Wednesday,16,53,8
Wednesday,16,54,7
Wednesday,16,55,6
Wednesday,16,56,9
Wednesday,16,57,6
Wednesday,16,58,4
Wednesday,16,59,4
Wednesday,17,0,5
Wednesday,17,1,5
Wednesday,17,2,4
Wednesday,17,3,7
Wednesday,17,4,7
Wednesday,17,5,4
Wednesday,17,6,11
Wednesday,17,7,1
Wednesday,17,8,5
Wednesday,17,9,9
Wednesday,17,10,11
Wednesday,17,11,8
Wednesday,17,12,5
Wednesday,17,13,2
Wednesday,17,14,5
Wednesday,17,15,2
Wednesday,17,16,5
Wednesday,17,17,4
Wednesday,17,18,4
Wednesday,17,19,4
Wednesday,17,20,4
Wednesday,17,21,3
Wednesday,17,22,1
Wednesday,17,23,1
Wednesday,17,24,4
Wednesday,17,25,4
Wednesday,17,26,4
Wednesday,17,27,5
Wednesday,17,28,1
Wednesday,17,29,4
Wednesday,17,30,1
Wednesday,17,31,4
Wednesday,17,32,5
Wednesday,17,33,6
Wednesday,17,34,9
Wednesday,17,35,4
Wednesday,17,36,7
Wednesday,17,37,5
Wednesday,17,38,6
Wednesday,17,39,10
Wednesday,17,40,8
Wednesday,17,41,7
Wednesday,17,42,8
Wednesday,17,43,7
Wednesday,17,44,10
Wednesday,17,45,4
Wednesday,17,46,13
Wednesday,17,47,8
Wednesday,17,48,7
Wednesday,17,49,5
Wednesday,17,50,4
Wednesday,17,51,10
Wednesday,17,52,4
Wednesday,17,53,5
Wednesday,17,54,3
Wednesday,17,55,1
Wednesday,17,56,1
Wednesday,17,57,2
Wednesday,17,58,1
Wednesday,17,59,1
Wednesday,18,0,1
Wednesday,18,1,2
Wednesday,18,2,2
Wednesday,18,3,2
Wednesday,18,4,6
Wednesday,18,5,1
Wednesday,18,6,5
Wednesday,18,7,9
Wednesday,18,8,6
Wednesday,18,9,5
Wednesday,18,10,3
Wednesday,18,11,5
Wednesday,18,12,4
Wednesday,18,13,13
Wednesday,18,14,11
Wednesday,18,15,8
Wednesday,18,16,5
Wednesday,18,17,4
Wednesday,18,18,5
Wednesday,18,19,2
Wednesday,18,20,6
Wednesday,18,21,5
Wednesday,18,22,4
Wednesday,18,23,2
Wednesday,18,24,3
Wednesday,18,25,3
Wednesday,18,26,7
Wednesday,18,27,6
Wednesday,18,28,5
Wednesday,18,29,6
Wednesday,18,30,6
Wednesday,18,31,8
Wednesday,18,32,6
Wednesday,18,33,7
Wednesday,18,34,6
Wednesday,18,35,6
Wednesday,18,36,1
Wednesday,18,37,4
Wednesday,18,38,3
Wednesday,18,40,9
Wednesday,18,41,7
Wednesday,18,42,9
Wednesday,18,43,9
Wednesday,18,44,8
Wednesday,18,45,4
Wednesday,18,46,6
Wednesday,18,47,2
Wednesday,18,48,5
Wednesday,18,49,4
Wednesday,18,50,4
Wednesday,18,51,6
Wednesday,18,52,4
Wednesday,18,53,7
Wednesday,18,54,3
Wednesday,18,55,7
Wednesday,18,56,6
Wednesday,18,57,10
Wednesday,18,58,6
Wednesday,18,59,10
Wednesday,19,0,3
Wednesday,19,1,10
Wednesday,19,2,10
Wednesday,19,3,11
Wednesday,19,4,14
Wednesday,19,5,8
Wednesday,19,6,10
Wednesday,19,7,12
Wednesday,19,8,15
Wednesday,19,9,9
Wednesday,19,10,10
Wednesday,19,11,10
Wednesday,19,12,11
Wednesday,19,13,13
Wednesday,19,14,17
Wednesday,19,15,16
Wednesday,19,16,13
Wednesday,19,17,19
Wednesday,19,18,17
Wednesday,19,19,14
Wednesday,19,20,11
Wednesday,19,21,14
Wednesday,19,22,15
Wednesday,19,23,7
Wednesday,19,24,9
Wednesday,19,25,15
Wednesday,19,26,14
Wednesday,19,27,11
Wednesday,19,28,8
Wednesday,19,29,7
Wednesday,19,30,16
Wednesday,19,31,17
Wednesday,19,32,8
Wednesday,19,33,10
Wednesday,19,34,11
Wednesday,19,35,5
Wednesday,19,36,9
Wednesday,19,37,4
Wednesday,19,38,7
Wednesday,19,39,15
Wednesday,19,40,7
Wednesday,19,41,6
Wednesday,19,42,11
Wednesday,19,43,10
Wednesday,19,44,9
Wednesday,19,45,8
Wednesday,19,46,10
Wednesday,19,47,17
Wednesday,19,48,10
Wednesday,19,49,13
Wednesday,19,50,14
Wednesday,19,51,11
Wednesday,19,52,11
Wednesday,19,53,11
Wednesday,19,54,13
Wednesday,19,55,12
Wednesday,19,56,15
Wednesday,19,57,13
Wednesday,19,58,6
Wednesday,19,59,12
Wednesday,20,0,6
Wednesday,20,1,9
Wednesday,20,2,6
Wednesday,20,3,5
Wednesday,20,4,7
Wednesday,20,5,7
Wednesday,20,6,8
Wednesday,20,7,5
Wednesday,20,8,6
Wednesday,20,9,5
Wednesday,20,10,4
Wednesday,20,11,4
Wednesday,20,12,5
Wednesday,20,13,7
Wednesday,20,14,7
Wednesday,20,15,7
Wednesday,20,16,5
Wednesday,20,17,4
Wednesday,20,18,5
Wednesday,20,19,6
Wednesday,20,20,1
Wednesday,20,21,4
Wednesday,20,22,5
Wednesday,20,23,4
Wednesday,20,24,3
Wednesday,20,25,6
Wednesday,20,26,3
Wednesday,20,27,5
Wednesday,20,28,5
Wednesday,20,29,3
Wednesday,20,30,4
Wednesday,20,31,3
Wednesday,20,32,3
Wednesday,20,33,4
Wednesday,20,34,1
Wednesday,20,35,1
Wednesday,20,36,3
Wednesday,20,37,6
Wednesday,20,38,6
Wednesday,20,39,3
Wednesday,20,40,4
Wednesday,20,41,6
Wednesday,20,42,7
Wednesday,20,43,10
Wednesday,20,44,5
Wednesday,20,45,7
Wednesday,20,46,8
Wednesday,20,47,5
Wednesday,20,48,6
Wednesday,20,49,4
Wednesday,20,50,3
Wednesday,20,51,2
Wednesday,20,52,3
Wednesday,20,53,4
Wednesday,20,54,4
Wednesday,20,55,3
Wednesday,20,56,5
Wednesday,20,57,5
Wednesday,20,58,4
Wednesday,20,59,4
Wednesday,21,0,1
Wednesday,21,1,4
Wednesday,21,2,6
Wednesday,21,3,2
Wednesday,21,4,1
Wednesday,21,5,1
Wednesday,21,6,4
Wednesday,21,7,2
Wednesday,21,8,3
Wednesday,21,9,2
Wednesday,21,10,2
Wednesday,21,11,2
Wednesday,21,12,1
Wednesday,21,14,1
Wednesday,21,15,3
Wednesday,21,16,8
Wednesday,21,17,5
Wednesday,21,19,4
Wednesday,21,20,1
Wednesday,21,21,1
Wednesday,21,22,5
Wednesday,21,23,2
Wednesday,21,24,6
Wednesday,21,25,4
Wednesday,21,26,5
Wednesday,21,27,4
Wednesday,21,28,3
Wednesday,21,29,4
Wednesday,21,30,1
Wednesday,21,31,4
Wednesday,21,32,5
Wednesday,21,33,6
Wednesday,21,34,4
Wednesday,21,35,3
Wednesday,21,36,3
Wednesday,21,37,4
Wednesday,21,38,3
Wednesday,21,39,3
Wednesday,21,40,6
Wednesday,21,41,3
Wednesday,21,42,3
Wednesday,21,43,6
Wednesday,21,44,3
Wednesday,21,45,5
Wednesday,21,46,4
Wednesday,21,47,4
Wednesday,21,48,3
Wednesday,21,49,4
